watchedVideoId,relatedVideoId,next
WtMgIBi_Dg0,WSB0lJwcUKU,1
WtMgIBi_Dg0,Zhw-tGVaOi4
WtMgIBi_Dg0,6xkkivaiA70
WtMgIBi_Dg0,AkwQtHzBpo8
WtMgIBi_Dg0,A3g2iTz3vwc
WtMgIBi_Dg0,uOgybknqgbU
WtMgIBi_Dg0,ST_0YguC2cU&t=475s
WtMgIBi_Dg0,geIyKUu-mFY&t=6s
WtMgIBi_Dg0,FxnqYMTROeE
WtMgIBi_Dg0,xvAeVA0G9xk
WtMgIBi_Dg0,ENc9DYFdJNw&t=2s
WtMgIBi_Dg0,bJUzN5lLF4s
WtMgIBi_Dg0,MKP4LwEHY3A
WtMgIBi_Dg0,hj01ytj_Cqo
WtMgIBi_Dg0,bC8lm4hUQuk&t=9s
WtMgIBi_Dg0,Xjp5ZQulo64
WtMgIBi_Dg0,EO93Ixdsz9s
WtMgIBi_Dg0,1YrXIHU3_eA
WtMgIBi_Dg0,nkEi-cszEFQ&t=191s
WtMgIBi_Dg0,wGOMGof5fgQ
qUeB4rFp3zM,iOVdzw7Ttb4,1
qUeB4rFp3zM,WtMgIBi_Dg0
qUeB4rFp3zM,xvAeVA0G9xk
qUeB4rFp3zM,wKXgbkKYKUY
qUeB4rFp3zM,eQYJJH3qc9M
qUeB4rFp3zM,ST_0YguC2cU&t=475s
qUeB4rFp3zM,md-KrR0Dj_w
qUeB4rFp3zM,dhr7sM0SO4k
qUeB4rFp3zM,Zhw-tGVaOi4
qUeB4rFp3zM,ooqgR6KPg14
qUeB4rFp3zM,ifNQRgn2Sb4
qUeB4rFp3zM,kk9ebAN906o
qUeB4rFp3zM,yZa12F4Z_1U
qUeB4rFp3zM,ENc9DYFdJNw&t=2s
qUeB4rFp3zM,lpIVbAN1VfM&t=29s
qUeB4rFp3zM,yf0B4rVoq44
qUeB4rFp3zM,ODQfwpQasNs
qUeB4rFp3zM,fyYMQdGSyVk
qUeB4rFp3zM,OORnGqmB488
qUeB4rFp3zM,kc0ydTw9Yu8
WtMgIBi_Dg0,WSB0lJwcUKU,1
WtMgIBi_Dg0,Zhw-tGVaOi4
WtMgIBi_Dg0,7FC2Z7fb8ws
WtMgIBi_Dg0,ST_0YguC2cU&t=475s
WtMgIBi_Dg0,A3g2iTz3vwc
WtMgIBi_Dg0,ENc9DYFdJNw&t=2s
WtMgIBi_Dg0,4SszHKeHHt8
WtMgIBi_Dg0,SNcfa3vVRgs
WtMgIBi_Dg0,uOgybknqgbU
WtMgIBi_Dg0,hj01ytj_Cqo
WtMgIBi_Dg0,bJUzN5lLF4s
WtMgIBi_Dg0,dxp4WCkGJrA
WtMgIBi_Dg0,md-KrR0Dj_w
WtMgIBi_Dg0,geIyKUu-mFY&t=6s
WtMgIBi_Dg0,1YrXIHU3_eA
WtMgIBi_Dg0,xvAeVA0G9xk
WtMgIBi_Dg0,bC8lm4hUQuk&t=9s
WtMgIBi_Dg0,HHF0Pv0-qdo
WtMgIBi_Dg0,wKXgbkKYKUY
WtMgIBi_Dg0,mFmOOju9Xts
