watchedVideoId,relatedVideoId,next,homePage,timestamp,timeOfView
,DuM53blkmY8,1,1,1604617316.0
,W2b6LP-_lOY,0,1,1604617316.0
,kulA1O5ykBA,0,1,1604617316.0
,JlDhnLFPLEA,0,1,1604617316.0
,6efHtpJK-Ns,0,1,1604617316.0
,S-oiJkY65WQ,0,1,1604617316.0
,I3gbneDt-S4,0,1,1604617316.0
,cIeyVOwd5ss,0,1,1604617316.0
,u-a66EOE89w,0,1,1604617317.0
,p55ACfxdUmA,0,1,1604617317.0
,xuyCdgpa5sY,0,1,1604617317.0
,YvV1LF7mu9Q,0,1,1604617317.0
,YvV1LF7mu9Q,0,1,1604617317.0
,J4Crs9FNwqk,0,1,1604617317.0
,TG0Lw25uMwc,0,1,1604617317.0
,kmneQA4r5tk,0,1,1604617317.0
,6Yr46Lp7EmY,0,1,1604617317.0
,09Xz1fS-vLk,0,1,1604617317.0
,GkFOXF_clrM,0,1,1604617317.0
,NHx_-eNyBuk,0,1,1604617317.0
,_nlao-TQqbs,0,1,1604617317.0
,gCgvYxCLYWc,0,1,1604617317.0
,zBllzkGzpsw,0,1,1604617317.0
,DqZGJTEC7qU,0,1,1604617317.0
,8pwSCEVqmA4,0,1,1604617317.0
,Ka_xDlkbbqc,0,1,1604617317.0
,Xx086diUiz4,0,1,1604617317.0
,OV15mHfrKbA,0,1,1604617317.0
,s9YzX8ryq78,0,1,1604617317.0
,UgmPJuip_Ug,0,1,1604617317.0
,z54MaZtMO8Y,0,1,1604617317.0
,XQt0XiCtAiw,0,1,1604617317.0
DuM53blkmY8,gO_KyTtJg10,1,0,1604617321.0
DuM53blkmY8,a7U_sXC7gKI,0,0,1604617321.0
DuM53blkmY8,NNO3ardMcc0,0,0,1604617321.0
DuM53blkmY8,sKHO1AwGpuY,0,0,1604617321.0
DuM53blkmY8,2rN2WH927Lw,0,0,1604617321.0
DuM53blkmY8,lShkB4hoRN0,0,0,1604617321.0
DuM53blkmY8,lbi_vAvbiTo,0,0,1604617321.0
DuM53blkmY8,eTjTu2R1euI,0,0,1604617321.0
DuM53blkmY8,zwrJU9TTEKM,0,0,1604617321.0
DuM53blkmY8,CZDFuBBq1wI,0,0,1604617321.0
DuM53blkmY8,c6lvDgWVpkM,0,0,1604617321.0
DuM53blkmY8,ciP1nX5xHW0,0,0,1604617321.0
DuM53blkmY8,6WOVWZh-ipU,0,0,1604617321.0
DuM53blkmY8,ZSUJEYZXas4,0,0,1604617322.0
DuM53blkmY8,DnN6YdsqCRU,0,0,1604617322.0
DuM53blkmY8,bSJqfkCNVGQ,0,0,1604617322.0
DuM53blkmY8,1cIXzTu1hm0,0,0,1604617322.0
DuM53blkmY8,a12UgLvBLPA,0,0,1604617322.0
DuM53blkmY8,BT7R9xrMmds,0,0,1604617322.0
DuM53blkmY8,MnJ0Uz2o2ko,0,0,1604617322.0
,dfv1evzlxbM,1,1,1604618887.0
,Bafz20Ll878,0,1,1604618887.0
,ez1iu-zx7eE,0,1,1604618887.0
,gqDl5N_5_iM,0,1,1604618887.0
,KNGcwMRo-J0,0,1,1604618887.0
,AbC2loIIXJI,0,1,1604618887.0
,XOToD-6vlWY,0,1,1604618887.0
,Ka_xDlkbbqc,0,1,1604618887.0
,masVhNB_j5o,0,1,1604618887.0
,z54MaZtMO8Y,0,1,1604618887.0
,j3MDeJHCung,0,1,1604618887.0
,YvV1LF7mu9Q,0,1,1604618887.0
,YvV1LF7mu9Q,0,1,1604618887.0
,J4Crs9FNwqk,0,1,1604618887.0
,TG0Lw25uMwc,0,1,1604618887.0
,kmneQA4r5tk,0,1,1604618887.0
,6Yr46Lp7EmY,0,1,1604618887.0
,09Xz1fS-vLk,0,1,1604618887.0
,GkFOXF_clrM,0,1,1604618887.0
,NHx_-eNyBuk,0,1,1604618887.0
,014npOA0t-s,0,1,1604618887.0
,qkBFypLUZJM,0,1,1604618887.0
,DLx_958xV_I,0,1,1604618888.0
,K-5rKlAd-Yc,0,1,1604618888.0
,HPCl5R__vk4,0,1,1604618888.0
,8pwSCEVqmA4,0,1,1604618888.0
,-bL6g_6qVLY,0,1,1604618888.0
,cIeyVOwd5ss,0,1,1604618888.0
,2TLwrNA3vFI,0,1,1604618888.0
,UgNyiUZB0m4,0,1,1604618888.0
,k-FOFZbGf9w,0,1,1604618888.0
,4sVUKGE7QP0,0,1,1604618888.0
dfv1evzlxbM,SICfCi2-LQY,1,0,1604618892.0
dfv1evzlxbM,dfv1evzlxbM,0,0,1604618892.0
dfv1evzlxbM,3D9RDC-hjbE,0,0,1604618892.0
dfv1evzlxbM,SLXbw_439Lc,0,0,1604618892.0
dfv1evzlxbM,yHdIcqI7wG4,0,0,1604618892.0
dfv1evzlxbM,VxL6DDFCEJo,0,0,1604618892.0
dfv1evzlxbM,YlaWGd1cUms,0,0,1604618892.0
dfv1evzlxbM,ssM84-B6gKg,0,0,1604618892.0
dfv1evzlxbM,2Rd0GI8obrs,0,0,1604618892.0
dfv1evzlxbM,ovaLaF6Rmhg,0,0,1604618892.0
dfv1evzlxbM,TCqf3rgPiQM,0,0,1604618892.0
dfv1evzlxbM,nhJRq12bZJY,0,0,1604618892.0
dfv1evzlxbM,Bsi_7VeP8u0,0,0,1604618892.0
dfv1evzlxbM,YE2aq2xz6PQ,0,0,1604618892.0
dfv1evzlxbM,PFA-RmV_wG0,0,0,1604618892.0
dfv1evzlxbM,Sa0d53MHgPc,0,0,1604618892.0
dfv1evzlxbM,EChjIHaBjf8,0,0,1604618892.0
dfv1evzlxbM,DHz2yTHPU8c,0,0,1604618892.0
dfv1evzlxbM,mNA5XYqKLDI,0,0,1604618892.0
dfv1evzlxbM,MIHep4PNkNo,0,0,1604618892.0
,4sVUKGE7QP0,1,1,1604619017.0
,OUVgYfD6Zlo&t=13s,0,1,1604619017.0
,SyYUuLUXIz8,0,1,1604619017.0
,tSOTnIXuOnE,0,1,1604619017.0
,bSJqfkCNVGQ,0,1,1604619017.0
,E7R-OGH9ZRM,0,1,1604619017.0
,8pwSCEVqmA4,0,1,1604619017.0
,uCn0MIfQbow,0,1,1604619017.0
,K-5rKlAd-Yc,0,1,1604619017.0
,XQt0XiCtAiw,0,1,1604619017.0
,qkBFypLUZJM,0,1,1604619017.0
,YvV1LF7mu9Q,0,1,1604619017.0
,YvV1LF7mu9Q,0,1,1604619017.0
,J4Crs9FNwqk,0,1,1604619017.0
,TG0Lw25uMwc,0,1,1604619017.0
,kmneQA4r5tk,0,1,1604619018.0
,6Yr46Lp7EmY,0,1,1604619018.0
,09Xz1fS-vLk,0,1,1604619018.0
,GkFOXF_clrM,0,1,1604619018.0
,NHx_-eNyBuk,0,1,1604619018.0
,AND67BgbeUM,0,1,1604619018.0
,ObXRUpheDqU,0,1,1604619018.0
,jjBlnLEVccQ,0,1,1604619018.0
,Ka_xDlkbbqc,0,1,1604619018.0
,ANUU4Oympik,0,1,1604619018.0
,BT7R9xrMmds,0,1,1604619018.0
,wiqfh7_chN0,0,1,1604619018.0
,cIeyVOwd5ss,0,1,1604619018.0
,nhJRq12bZJY,0,1,1604619018.0
,cIsn8s8B7g8,0,1,1604619018.0
,DLx_958xV_I,0,1,1604619018.0
,TH5DbjDtCuM,0,1,1604619018.0
,OPpuARKLS20,1,1,1604619785.0
,EChjIHaBjf8,0,1,1604619785.0
,kulA1O5ykBA,0,1,1604619785.0
,U9RNCf2P3vk,0,1,1604619785.0
,WGRnhBmHYN0,0,1,1604619785.0
,Q0V7MMjbpgI,0,1,1604619785.0
,ZNcaZvBgMSk,0,1,1604619785.0
,7EhJU6iRMhc,0,1,1604619785.0
,q0k92wO4yd4,0,1,1604619785.0
,vIHxUyZeiE8,0,1,1604619785.0
,qkBFypLUZJM,0,1,1604619785.0
,mJWkK5y6Z3U,0,1,1604619785.0
,YvV1LF7mu9Q,0,1,1604619785.0
,YvV1LF7mu9Q,0,1,1604619785.0
,J4Crs9FNwqk,0,1,1604619785.0
,TG0Lw25uMwc,0,1,1604619785.0
,kmneQA4r5tk,0,1,1604619785.0
,6Yr46Lp7EmY,0,1,1604619785.0
,09Xz1fS-vLk,0,1,1604619785.0
,GkFOXF_clrM,0,1,1604619785.0
,NHx_-eNyBuk,0,1,1604619785.0
,-Gc3Py03Pq0,0,1,1604619785.0
,jnMySGnMWV0,0,1,1604619785.0
,ZTsXUF4-qqM,0,1,1604619785.0
,rI1Oh0KBtSU,0,1,1604619785.0
,LdpEXyIbgDc,0,1,1604619785.0
,gxmTFXfrMzk,0,1,1604619785.0
,K-5rKlAd-Yc,0,1,1604619785.0
,qjK1FhaqDEU,0,1,1604619785.0
OPpuARKLS20,qE9JHMj8r9o,1,0,1604619790.0
OPpuARKLS20,ClBzGZhtEHo,0,0,1604619790.0
OPpuARKLS20,Y1NaA4AevUc,0,0,1604619790.0
OPpuARKLS20,D5mWWim_LXQ,0,0,1604619790.0
OPpuARKLS20,bo2EhRIAEYk,0,0,1604619790.0
OPpuARKLS20,gO_KyTtJg10,0,0,1604619790.0
OPpuARKLS20,e8pTSqeJluQ,0,0,1604619790.0
OPpuARKLS20,WWy4mXkVUmc,0,0,1604619790.0
OPpuARKLS20,-nCtVQn6Zv8,0,0,1604619790.0
OPpuARKLS20,sf2pxn1cvro,0,0,1604619790.0
OPpuARKLS20,wKXgbkKYKUY,0,0,1604619790.0
OPpuARKLS20,FXtcIk0d3GQ,0,0,1604619790.0
OPpuARKLS20,a7U_sXC7gKI,0,0,1604619790.0
OPpuARKLS20,lci3wD5EKc8,0,0,1604619790.0
OPpuARKLS20,-72P_EFphSc,0,0,1604619790.0
OPpuARKLS20,Bsi_7VeP8u0,0,0,1604619790.0
OPpuARKLS20,7Fuf7yG4U5I,0,0,1604619790.0
OPpuARKLS20,ifNQRgn2Sb4,0,0,1604619790.0
OPpuARKLS20,ZSUJEYZXas4,0,0,1604619790.0
OPpuARKLS20,ZYeUdXfubQk,0,0,1604619790.0
qE9JHMj8r9o,PN5mkRRZeu8,1,0,1604619914.0
qE9JHMj8r9o,e8pTSqeJluQ,0,0,1604619914.0
qE9JHMj8r9o,RbGpUemSXAA,0,0,1604619914.0
qE9JHMj8r9o,OxwUEAySyw8,0,0,1604619914.0
qE9JHMj8r9o,-nCtVQn6Zv8,0,0,1604619914.0
qE9JHMj8r9o,bo2EhRIAEYk,0,0,1604619914.0
qE9JHMj8r9o,_ZXmuxFD2pc,0,0,1604619914.0
qE9JHMj8r9o,ZSUJEYZXas4,0,0,1604619914.0
qE9JHMj8r9o,jIM3YOwDr3E,0,0,1604619914.0
qE9JHMj8r9o,3leX_qT6GPI,0,0,1604619914.0
qE9JHMj8r9o,9ZsXXNSGns4,0,0,1604619914.0
qE9JHMj8r9o,a7U_sXC7gKI,0,0,1604619914.0
qE9JHMj8r9o,xaKhGteb2Sg,0,0,1604619914.0
qE9JHMj8r9o,cSOhwIOARWg,0,0,1604619914.0
qE9JHMj8r9o,5WcojLyyuzo,0,0,1604619914.0
qE9JHMj8r9o,28OyJrxPQ1I,0,0,1604619914.0
qE9JHMj8r9o,CZDFuBBq1wI,0,0,1604619914.0
qE9JHMj8r9o,YlaWGd1cUms,0,0,1604619914.0
qE9JHMj8r9o,MIHep4PNkNo,0,0,1604619914.0
qE9JHMj8r9o,iaVE6ZmvLHw,0,0,1604619914.0
PN5mkRRZeu8,JZfX3v97sTk,1,0,1604620038.0
PN5mkRRZeu8,g3Rf5qDuq7M,0,0,1604620038.0
PN5mkRRZeu8,ZsNlcr4frs4,0,0,1604620038.0
PN5mkRRZeu8,yE1Lxw5ZyXk,0,0,1604620038.0
PN5mkRRZeu8,lilp0hy5obo,0,0,1604620039.0
PN5mkRRZeu8,k1T9-I3wx8I,0,0,1604620039.0
PN5mkRRZeu8,PTQMog9u2Zo,0,0,1604620039.0
PN5mkRRZeu8,WSinMOs5eGw,0,0,1604620039.0
PN5mkRRZeu8,Q3jege0p0dQ,0,0,1604620039.0
PN5mkRRZeu8,SICfCi2-LQY,0,0,1604620039.0
PN5mkRRZeu8,mOqH7v7jchk,0,0,1604620039.0
PN5mkRRZeu8,Mx8yD3-HWTg,0,0,1604620039.0
PN5mkRRZeu8,gO_KyTtJg10,0,0,1604620039.0
PN5mkRRZeu8,IChJ6eO3k48,0,0,1604620039.0
PN5mkRRZeu8,SmqtfDrqkQE,0,0,1604620039.0
PN5mkRRZeu8,5D5DgQi2oqA,0,0,1604620039.0
PN5mkRRZeu8,CVO8gjn3dFg,0,0,1604620039.0
PN5mkRRZeu8,YlaWGd1cUms,0,0,1604620039.0
PN5mkRRZeu8,EChjIHaBjf8,0,0,1604620039.0
PN5mkRRZeu8,VqnAD_8pna0,0,0,1604620039.0
JZfX3v97sTk,SICfCi2-LQY,1,0,1604620163.0
JZfX3v97sTk,JZfX3v97sTk,0,0,1604620163.0
JZfX3v97sTk,sKHO1AwGpuY,0,0,1604620163.0
JZfX3v97sTk,EChjIHaBjf8,0,0,1604620163.0
JZfX3v97sTk,DAPkOxRnh4c,0,0,1604620163.0
JZfX3v97sTk,2Rd0GI8obrs,0,0,1604620163.0
JZfX3v97sTk,kvymoFdjuHw,0,0,1604620163.0
JZfX3v97sTk,lYP92hY2FlM,0,0,1604620163.0
JZfX3v97sTk,MHscI4TK55s,0,0,1604620163.0
JZfX3v97sTk,TCqf3rgPiQM,0,0,1604620163.0
JZfX3v97sTk,aSXZtYFdvsI,0,0,1604620163.0
JZfX3v97sTk,JPJjwHAIny4,0,0,1604620163.0
JZfX3v97sTk,tC1hD7k_WTw,0,0,1604620163.0
JZfX3v97sTk,YlaWGd1cUms,0,0,1604620163.0
JZfX3v97sTk,5D5DgQi2oqA,0,0,1604620163.0
JZfX3v97sTk,xxjT7nK0Q9k,0,0,1604620163.0
JZfX3v97sTk,qiZuDZIGCi4,0,0,1604620163.0
JZfX3v97sTk,mOqH7v7jchk,0,0,1604620163.0
JZfX3v97sTk,eollizcRpgQ,0,0,1604620163.0
JZfX3v97sTk,qWAVbXkUeWg,0,0,1604620163.0
SICfCi2-LQY,Sa0d53MHgPc,1,0,1604620287.0
SICfCi2-LQY,ssM84-B6gKg,0,0,1604620287.0
SICfCi2-LQY,YlaWGd1cUms,0,0,1604620287.0
SICfCi2-LQY,ifcInHC2p7w,0,0,1604620287.0
SICfCi2-LQY,TCqf3rgPiQM,0,0,1604620287.0
SICfCi2-LQY,G2jiG02asxc,0,0,1604620287.0
SICfCi2-LQY,-LDLo99f53g,0,0,1604620287.0
SICfCi2-LQY,2Rd0GI8obrs,0,0,1604620287.0
SICfCi2-LQY,Bsi_7VeP8u0,0,0,1604620287.0
SICfCi2-LQY,KJj3aI0Tlkk,0,0,1604620287.0
SICfCi2-LQY,yHdIcqI7wG4,0,0,1604620287.0
SICfCi2-LQY,mOqH7v7jchk,0,0,1604620287.0
SICfCi2-LQY,DHz2yTHPU8c,0,0,1604620287.0
SICfCi2-LQY,elXuKBZZ6Z4,0,0,1604620287.0
SICfCi2-LQY,rTOKUfcDVQQ,0,0,1604620287.0
SICfCi2-LQY,-jrJaOMBsVE,0,0,1604620287.0
SICfCi2-LQY,gO_KyTtJg10,0,0,1604620287.0
SICfCi2-LQY,r2ugixha-BQ,0,0,1604620287.0
SICfCi2-LQY,NywQcrZuRfY,0,0,1604620287.0
SICfCi2-LQY,XoAPIpOZYA4,0,0,1604620287.0
Sa0d53MHgPc,2Rd0GI8obrs,1,0,1604620411.0
Sa0d53MHgPc,Sa0d53MHgPc,0,0,1604620411.0
Sa0d53MHgPc,sKHO1AwGpuY,0,0,1604620411.0
Sa0d53MHgPc,TCqf3rgPiQM,0,0,1604620411.0
Sa0d53MHgPc,x88RLbi0kzk,0,0,1604620411.0
Sa0d53MHgPc,ssM84-B6gKg,0,0,1604620411.0
Sa0d53MHgPc,yjOm90Tc-f8,0,0,1604620411.0
Sa0d53MHgPc,lLPsBhO0ws0,0,0,1604620411.0
Sa0d53MHgPc,ImTStSYnh-o,0,0,1604620411.0
Sa0d53MHgPc,G2jiG02asxc,0,0,1604620411.0
Sa0d53MHgPc,H5CHFyNbtgE,0,0,1604620411.0
Sa0d53MHgPc,qYr5ZgjEPZI,0,0,1604620411.0
Sa0d53MHgPc,CvaKs_Gz2Aw,0,0,1604620411.0
Sa0d53MHgPc,R53B4wTjWvk,0,0,1604620411.0
Sa0d53MHgPc,W3Kqvlae1M0,0,0,1604620411.0
Sa0d53MHgPc,Bsi_7VeP8u0,0,0,1604620412.0
Sa0d53MHgPc,EChjIHaBjf8,0,0,1604620412.0
Sa0d53MHgPc,MrgfifXOgjY,0,0,1604620412.0
Sa0d53MHgPc,yHdIcqI7wG4,0,0,1604620412.0
Sa0d53MHgPc,DHz2yTHPU8c,0,0,1604620412.0
2Rd0GI8obrs,G2jiG02asxc,1,0,1604620536.0
2Rd0GI8obrs,UrO30-kkfms,0,0,1604620536.0
2Rd0GI8obrs,R53B4wTjWvk,0,0,1604620536.0
2Rd0GI8obrs,ZnHbdtRYkfQ,0,0,1604620536.0
2Rd0GI8obrs,EDTx6YEH9y4,0,0,1604620536.0
2Rd0GI8obrs,37UlvrGVcFs,0,0,1604620536.0
2Rd0GI8obrs,DHz2yTHPU8c,0,0,1604620536.0
2Rd0GI8obrs,YE2aq2xz6PQ,0,0,1604620536.0
2Rd0GI8obrs,KJj3aI0Tlkk,0,0,1604620536.0
2Rd0GI8obrs,WMJ3EI3GK5E,0,0,1604620536.0
2Rd0GI8obrs,H5CHFyNbtgE,0,0,1604620536.0
2Rd0GI8obrs,Q5VECAgAmQo,0,0,1604620536.0
2Rd0GI8obrs,t84qQsbqixY,0,0,1604620536.0
2Rd0GI8obrs,Bsi_7VeP8u0,0,0,1604620536.0
2Rd0GI8obrs,-LDLo99f53g,0,0,1604620536.0
2Rd0GI8obrs,j3Q5I6NsCb8,0,0,1604620536.0
2Rd0GI8obrs,mI2a3EDxk54,0,0,1604620536.0
2Rd0GI8obrs,rTOKUfcDVQQ,0,0,1604620536.0
2Rd0GI8obrs,yHdIcqI7wG4,0,0,1604620536.0
2Rd0GI8obrs,2Rd0GI8obrs,0,0,1604620536.0
G2jiG02asxc,ssM84-B6gKg,1,0,1604620661.0
G2jiG02asxc,elXuKBZZ6Z4,0,0,1604620661.0
G2jiG02asxc,Bsi_7VeP8u0,0,0,1604620661.0
G2jiG02asxc,lGNQzxzv6KA,0,0,1604620661.0
G2jiG02asxc,gO_KyTtJg10,0,0,1604620661.0
G2jiG02asxc,P4JIcaRBeNw,0,0,1604620661.0
G2jiG02asxc,S7Wx3Xv24Pk,0,0,1604620661.0
G2jiG02asxc,-72P_EFphSc,0,0,1604620661.0
G2jiG02asxc,3XzQFFLOgN8,0,0,1604620661.0
G2jiG02asxc,yHdIcqI7wG4,0,0,1604620661.0
G2jiG02asxc,YlaWGd1cUms,0,0,1604620661.0
G2jiG02asxc,5o0IYStGfOM,0,0,1604620661.0
G2jiG02asxc,59KITbLTVL8,0,0,1604620661.0
G2jiG02asxc,a8IGDMrohnY,0,0,1604620661.0
G2jiG02asxc,VJwoSfTOhyM,0,0,1604620661.0
G2jiG02asxc,aSXZtYFdvsI,0,0,1604620661.0
G2jiG02asxc,4lmEdjRK1hM,0,0,1604620661.0
G2jiG02asxc,Ufyxhg6bgGA,0,0,1604620661.0
G2jiG02asxc,SICfCi2-LQY,0,0,1604620661.0
G2jiG02asxc,DHNi2vWb_y0,0,0,1604620661.0
ssM84-B6gKg,S7Wx3Xv24Pk,1,0,1604620785.0
ssM84-B6gKg,Bsi_7VeP8u0,0,0,1604620785.0
ssM84-B6gKg,g3Rf5qDuq7M,0,0,1604620785.0
ssM84-B6gKg,Mm7gi453_Iw,0,0,1604620785.0
ssM84-B6gKg,9Q_dPJ0BZP4,0,0,1604620785.0
ssM84-B6gKg,C9fndwDDvqY,0,0,1604620785.0
ssM84-B6gKg,yHdIcqI7wG4,0,0,1604620785.0
ssM84-B6gKg,SLXbw_439Lc,0,0,1604620785.0
ssM84-B6gKg,aSXZtYFdvsI,0,0,1604620785.0
ssM84-B6gKg,mh5SIfeGiSA,0,0,1604620785.0
ssM84-B6gKg,-uKOHJLs-mo,0,0,1604620785.0
ssM84-B6gKg,itSbV3YiRkI,0,0,1604620785.0
ssM84-B6gKg,3kLZLTtMYTQ,0,0,1604620785.0
ssM84-B6gKg,a8IGDMrohnY,0,0,1604620785.0
ssM84-B6gKg,37UlvrGVcFs,0,0,1604620785.0
ssM84-B6gKg,B75mXhAYYAg,0,0,1604620785.0
ssM84-B6gKg,chzmyclKMXI,0,0,1604620785.0
ssM84-B6gKg,R53B4wTjWvk,0,0,1604620785.0
ssM84-B6gKg,YlaWGd1cUms,0,0,1604620785.0
ssM84-B6gKg,Y8OFmqRSkwI,0,0,1604620785.0
S7Wx3Xv24Pk,VAZRQ5oo_8k,1,0,1604620909.0
S7Wx3Xv24Pk,rTOKUfcDVQQ,0,0,1604620909.0
S7Wx3Xv24Pk,bTbaoO1T2Uc,0,0,1604620909.0
S7Wx3Xv24Pk,gO_KyTtJg10,0,0,1604620909.0
S7Wx3Xv24Pk,hjHnWz3EyHs,0,0,1604620909.0
S7Wx3Xv24Pk,1inR2b7PS5M,0,0,1604620909.0
S7Wx3Xv24Pk,CwzjlmBLfrQ,0,0,1604620909.0
S7Wx3Xv24Pk,5o0IYStGfOM,0,0,1604620909.0
S7Wx3Xv24Pk,cdngIIoTlqc,0,0,1604620909.0
S7Wx3Xv24Pk,TBLVe1sPa3E,0,0,1604620909.0
S7Wx3Xv24Pk,E62kdEUqi8o,0,0,1604620910.0
S7Wx3Xv24Pk,3kLZLTtMYTQ,0,0,1604620910.0
S7Wx3Xv24Pk,YlaWGd1cUms,0,0,1604620910.0
S7Wx3Xv24Pk,-LDLo99f53g,0,0,1604620910.0
S7Wx3Xv24Pk,Bsi_7VeP8u0,0,0,1604620910.0
S7Wx3Xv24Pk,Ms-znOD7JDk,0,0,1604620910.0
S7Wx3Xv24Pk,ztMafqyXHXU,0,0,1604620910.0
S7Wx3Xv24Pk,yHdIcqI7wG4,0,0,1604620910.0
S7Wx3Xv24Pk,H5CHFyNbtgE,0,0,1604620910.0
S7Wx3Xv24Pk,ZN97snpLIys,0,0,1604620910.0
,twswIV9vaUw,1,1,1604621338.0
,q0k92wO4yd4,0,1,1604621338.0
,YLf829GlsBM,0,1,1604621338.0
,jefQnTWe8jc,0,1,1604621338.0
,wWCaadq1woE,0,1,1604621338.0
,kulA1O5ykBA,0,1,1604621338.0
,V07XhOt_r8Y,0,1,1604621338.0
,bSJqfkCNVGQ,0,1,1604621338.0
,IO0TJHVzgA8,0,1,1604621339.0
,SpCVd3MgDeQ,0,1,1604621339.0
,U-uLfBQ6_WI,0,1,1604621339.0
,-Gc3Py03Pq0,0,1,1604621339.0
,YvV1LF7mu9Q,0,1,1604621339.0
,YvV1LF7mu9Q,0,1,1604621339.0
,J4Crs9FNwqk,0,1,1604621339.0
,TG0Lw25uMwc,0,1,1604621339.0
,kmneQA4r5tk,0,1,1604621339.0
,6Yr46Lp7EmY,0,1,1604621339.0
,09Xz1fS-vLk,0,1,1604621339.0
,GkFOXF_clrM,0,1,1604621339.0
,NHx_-eNyBuk,0,1,1604621339.0
,vdwULSZXLmQ,0,1,1604621339.0
,7EhJU6iRMhc,0,1,1604621339.0
,md-KrR0Dj_w,0,1,1604621339.0
,E7R-OGH9ZRM,0,1,1604621339.0
,O4pSYZNFej0,0,1,1604621339.0
,Y_y7ysSMjvA,0,1,1604621339.0
,595kRwadriM,0,1,1604621339.0
,8WVXk0Gz66E,0,1,1604621339.0
,nxRHejWJiYo,0,1,1604621339.0
,ykv2SJt9glA,1,1,1604673587.0
,z4zxx-RZd64,0,1,1604673587.0
,VIwcc4y38hs,0,1,1604673587.0
,0ONs2X64Rs4,0,1,1604673587.0
,Z4LVpdgK-AA,0,1,1604673587.0
,7EhJU6iRMhc,0,1,1604673587.0
,gsAF6Af-H1o,0,1,1604673587.0
,puKy3NPur3U,0,1,1604673587.0
,puKy3NPur3U,0,1,1604673587.0
,XJwIxWm8wb4,0,1,1604673587.0
,bEbkkLmLKk0,0,1,1604673587.0
,0fIR7254dMc,0,1,1604673587.0
,f7LEWxX4AVI,0,1,1604673587.0
,SHZ1l8tUqcQ,0,1,1604673587.0
,Q32C1vdU6mQ,0,1,1604673587.0
,BKdmTRUK6Uo,0,1,1604673587.0
,CPYFiaL6cTE,0,1,1604673587.0
,XOToD-6vlWY,0,1,1604673587.0
,yiKFYTFJ_kw,0,1,1604673587.0
,mvcUP7XP2CE,0,1,1604673587.0
,-Gc3Py03Pq0,0,1,1604673587.0
,LdpEXyIbgDc,0,1,1604673587.0
,mvPD6i3KUCk,0,1,1604673587.0
,2OEL4P1Rz04,0,1,1604673587.0
,pMYkY_5vYgw,0,1,1604673587.0
,Ncv2KmhVgyU,0,1,1604673587.0
,NIkK5Ik8uOs,0,1,1604673587.0
,CWe9Vg6tCR4,1,1,1604673645.0
,BKdmTRUK6Uo,0,1,1604673645.0
,GvVVq2Wa1y4,0,1,1604673645.0
,VIwcc4y38hs,0,1,1604673645.0
,SHZ1l8tUqcQ,0,1,1604673645.0
,qBgz2wJW97k,0,1,1604673645.0
,z4zxx-RZd64,0,1,1604673645.0
,YLf829GlsBM,0,1,1604673645.0
,puKy3NPur3U,0,1,1604673645.0
,puKy3NPur3U,0,1,1604673645.0
,XJwIxWm8wb4,0,1,1604673645.0
,bEbkkLmLKk0,0,1,1604673645.0
,-Gc3Py03Pq0,0,1,1604673645.0
,7EhJU6iRMhc,0,1,1604673645.0
,gsAF6Af-H1o,0,1,1604673645.0
,d8WLXyX-jn4,0,1,1604673645.0
,fglfzmbkgxM,0,1,1604673645.0
,0ONs2X64Rs4,0,1,1604673645.0
,GrHfWKeTDEI,0,1,1604673645.0
,CPYFiaL6cTE,0,1,1604673645.0
,mvPD6i3KUCk,0,1,1604673645.0
,RG9TMn1FJzc,0,1,1604673645.0
,kQTrKrrrbck,0,1,1604673645.0
,ykv2SJt9glA,0,1,1604673645.0
CWe9Vg6tCR4,XJwIxWm8wb4,1,0,1604673649.0
CWe9Vg6tCR4,Zhw-tGVaOi4,0,0,1604673649.0
CWe9Vg6tCR4,FgXxo7yebBY,0,0,1604673649.0
CWe9Vg6tCR4,bEbkkLmLKk0,0,0,1604673649.0
CWe9Vg6tCR4,ykv2SJt9glA,0,0,1604673649.0
CWe9Vg6tCR4,ST_0YguC2cU,0,0,1604673649.0
CWe9Vg6tCR4,3kLZLTtMYTQ,0,0,1604673649.0
CWe9Vg6tCR4,4aCTqEg5Ygc,0,0,1604673649.0
CWe9Vg6tCR4,gsAF6Af-H1o,0,0,1604673649.0
CWe9Vg6tCR4,ENc9DYFdJNw,0,0,1604673649.0
CWe9Vg6tCR4,TJDc7BbqLMU,0,0,1604673649.0
CWe9Vg6tCR4,inVi8wlCgiM,0,0,1604673649.0
CWe9Vg6tCR4,d4nrRebKEP8,0,0,1604673649.0
CWe9Vg6tCR4,lpIVbAN1VfM,0,0,1604673649.0
CWe9Vg6tCR4,bo2EhRIAEYk,0,0,1604673649.0
CWe9Vg6tCR4,GtM_sIvRlDM,0,0,1604673649.0
CWe9Vg6tCR4,w_LarBhAj0E,0,0,1604673649.0
CWe9Vg6tCR4,a7U_sXC7gKI,0,0,1604673649.0
CWe9Vg6tCR4,9H6Un_TdIrs,0,0,1604673649.0
CWe9Vg6tCR4,l1wQE9XhFF0,0,0,1604673649.0
,gsAF6Af-H1o,1,1,1604673687.0
,ZeJV11iVp2Q,0,1,1604673687.0
,pMYkY_5vYgw,0,1,1604673687.0
,VIwcc4y38hs,0,1,1604673687.0
,1LHGC0XmLJQ,0,1,1604673687.0
,0EDF4g7xpEM,0,1,1604673687.0
,WGRnhBmHYN0,0,1,1604673687.0
,puKy3NPur3U,0,1,1604673687.0
,puKy3NPur3U,0,1,1604673687.0
,XJwIxWm8wb4,0,1,1604673687.0
,bEbkkLmLKk0,0,1,1604673687.0
,7EhJU6iRMhc,0,1,1604673687.0
,0ONs2X64Rs4,0,1,1604673687.0
,aqxXQz51f3Q,0,1,1604673687.0
,SpCVd3MgDeQ,0,1,1604673687.0
,HPCl5R__vk4,0,1,1604673687.0
,_JNeiGbAgL4,0,1,1604673687.0
,SHZ1l8tUqcQ,0,1,1604673687.0
,2OEL4P1Rz04,0,1,1604673687.0
,jXA1cyRlmrQ,0,1,1604673687.0
,tkWAkNnumrE,0,1,1604673687.0
,CPYFiaL6cTE,0,1,1604673687.0
,LdpEXyIbgDc,0,1,1604673687.0
,-Gc3Py03Pq0,0,1,1604673687.0
,ykv2SJt9glA,0,1,1604673687.0
,l19x0ZXIZQA,0,1,1604673687.0
,YLf829GlsBM,0,1,1604673687.0
gsAF6Af-H1o,MoGuH3JbMPw,1,0,1604673691.0
gsAF6Af-H1o,CWe9Vg6tCR4,0,0,1604673691.0
gsAF6Af-H1o,CZDFuBBq1wI,0,0,1604673691.0
gsAF6Af-H1o,TJDc7BbqLMU,0,0,1604673691.0
gsAF6Af-H1o,ykv2SJt9glA,0,0,1604673691.0
gsAF6Af-H1o,inVi8wlCgiM,0,0,1604673691.0
gsAF6Af-H1o,qcblzukoJqA,0,0,1604673691.0
gsAF6Af-H1o,6xkkivaiA70,0,0,1604673691.0
gsAF6Af-H1o,a7U_sXC7gKI,0,0,1604673691.0
gsAF6Af-H1o,joYkBRA25sg,0,0,1604673691.0
gsAF6Af-H1o,FXtcIk0d3GQ,0,0,1604673691.0
gsAF6Af-H1o,tAPAiVTBwu0,0,0,1604673691.0
gsAF6Af-H1o,w_LarBhAj0E,0,0,1604673691.0
gsAF6Af-H1o,RfzAAATAyCA,0,0,1604673691.0
gsAF6Af-H1o,-T4wFlxfQcQ,0,0,1604673691.0
gsAF6Af-H1o,zwrJU9TTEKM,0,0,1604673691.0
gsAF6Af-H1o,S6H7iQTTylI,0,0,1604673691.0
gsAF6Af-H1o,wKXgbkKYKUY,0,0,1604673691.0
gsAF6Af-H1o,xc0-pleVOcg,0,0,1604673691.0
gsAF6Af-H1o,iOVdzw7Ttb4,0,0,1604673691.0
,Bafz20Ll878,1,1,1604673779.0
,BKdmTRUK6Uo,0,1,1604673779.0
,HPCl5R__vk4,0,1,1604673779.0
,vbmB3_mG2g8,0,1,1604673779.0
,3kLZLTtMYTQ,0,1,1604673779.0
,qBgz2wJW97k,0,1,1604673779.0
,kulA1O5ykBA,0,1,1604673779.0
,puKy3NPur3U,0,1,1604673779.0
,puKy3NPur3U,0,1,1604673779.0
,XJwIxWm8wb4,0,1,1604673779.0
,bEbkkLmLKk0,0,1,1604673779.0
,z4zxx-RZd64,0,1,1604673779.0
,_eQLFVpOYm4,0,1,1604673779.0
,3Z4l3Rvnf2o,0,1,1604673779.0
,1LHGC0XmLJQ,0,1,1604673779.0
,zfVnT1LqA8w,0,1,1604673779.0
,pMYkY_5vYgw,0,1,1604673779.0
,rHk7iBDqst0,0,1,1604673779.0
,SHZ1l8tUqcQ,0,1,1604673779.0
,VIwcc4y38hs,0,1,1604673779.0
,qUOHzkyXl1o,0,1,1604673779.0
,rI1Oh0KBtSU,0,1,1604673779.0
,LdpEXyIbgDc,0,1,1604673779.0
,qkBFypLUZJM,0,1,1604673779.0
,tkWAkNnumrE,0,1,1604673779.0
,kQTrKrrrbck,0,1,1604673779.0
,OUVgYfD6Zlo&t=97s,0,1,1604673779.0
Bafz20Ll878,RbGpUemSXAA,1,0,1604673783.0
Bafz20Ll878,CWe9Vg6tCR4,0,0,1604673783.0
Bafz20Ll878,a7U_sXC7gKI,0,0,1604673783.0
Bafz20Ll878,eAYOjmdyr_U,0,0,1604673783.0
Bafz20Ll878,ykv2SJt9glA,0,0,1604673783.0
Bafz20Ll878,sNwh3yF7FCQ,0,0,1604673783.0
Bafz20Ll878,inVi8wlCgiM,0,0,1604673783.0
Bafz20Ll878,TJDc7BbqLMU,0,0,1604673784.0
Bafz20Ll878,7Fuf7yG4U5I,0,0,1604673784.0
Bafz20Ll878,FXtcIk0d3GQ,0,0,1604673784.0
Bafz20Ll878,QuC52IoTczY,0,0,1604673784.0
Bafz20Ll878,3kLZLTtMYTQ,0,0,1604673784.0
Bafz20Ll878,WCFKWgu4u1g,0,0,1604673784.0
Bafz20Ll878,YjRNk9W1swg,0,0,1604673784.0
Bafz20Ll878,Wt_Wy7En_rU,0,0,1604673784.0
Bafz20Ll878,cSOhwIOARWg,0,0,1604673784.0
Bafz20Ll878,_ZXmuxFD2pc,0,0,1604673784.0
Bafz20Ll878,2jQmYCtBYwM,0,0,1604673784.0
Bafz20Ll878,MnJ0Uz2o2ko,0,0,1604673784.0
Bafz20Ll878,nd9qS_cy5o8,0,0,1604673784.0
,0ONs2X64Rs4,1,1,1604673889.0
,TCqf3rgPiQM,0,1,1604673889.0
,PgCuAkyrmNU,0,1,1604673889.0
,96YcNiq0fZM,0,1,1604673889.0
,rI1Oh0KBtSU,0,1,1604673889.0
,wKXgbkKYKUY,0,1,1604673889.0
,YLf829GlsBM,0,1,1604673889.0
,puKy3NPur3U,0,1,1604673889.0
,puKy3NPur3U,0,1,1604673889.0
,XJwIxWm8wb4,0,1,1604673889.0
,bEbkkLmLKk0,0,1,1604673889.0
,GZvSYJDk-us,0,1,1604673889.0
,oxnT0419daY,0,1,1604673889.0
,GAgrY-6dOuM,0,1,1604673889.0
,pRAezlFcDwc,0,1,1604673889.0
,SHZ1l8tUqcQ,0,1,1604673889.0
,jXA1cyRlmrQ,0,1,1604673889.0
,WwA1qzZK3qE,0,1,1604673889.0
,_eQLFVpOYm4,0,1,1604673889.0
,LdpEXyIbgDc,0,1,1604673889.0
,-Gc3Py03Pq0,0,1,1604673889.0
,tkWAkNnumrE,0,1,1604673889.0
,q0k92wO4yd4,0,1,1604673889.0
,K-5rKlAd-Yc,0,1,1604673889.0
,ez1iu-zx7eE,0,1,1604673889.0
,rHk7iBDqst0,0,1,1604673889.0
,qWAVbXkUeWg,0,1,1604673889.0
0ONs2X64Rs4,inVi8wlCgiM,1,0,1604673893.0
0ONs2X64Rs4,CWe9Vg6tCR4,0,0,1604673893.0
0ONs2X64Rs4,TJDc7BbqLMU,0,0,1604673893.0
0ONs2X64Rs4,gO_KyTtJg10,0,0,1604673893.0
0ONs2X64Rs4,RwB0kbugEag,0,0,1604673893.0
0ONs2X64Rs4,zLncu9fuho8,0,0,1604673893.0
0ONs2X64Rs4,oyUx2-yTOLA,0,0,1604673893.0
0ONs2X64Rs4,CwzjlmBLfrQ,0,0,1604673893.0
0ONs2X64Rs4,rYpqBro9WoM,0,0,1604673893.0
0ONs2X64Rs4,eAYOjmdyr_U,0,0,1604673893.0
0ONs2X64Rs4,sKHO1AwGpuY,0,0,1604673893.0
0ONs2X64Rs4,3kLZLTtMYTQ,0,0,1604673893.0
0ONs2X64Rs4,cSOhwIOARWg,0,0,1604673893.0
0ONs2X64Rs4,CZDFuBBq1wI,0,0,1604673893.0
0ONs2X64Rs4,eyyiORZyjcE,0,0,1604673893.0
0ONs2X64Rs4,TUIGdvp3pPw,0,0,1604673893.0
0ONs2X64Rs4,QuC52IoTczY,0,0,1604673893.0
0ONs2X64Rs4,HLVGPCmQ9Pc,0,0,1604673893.0
0ONs2X64Rs4,5wGv6JpHltE,0,0,1604673893.0
0ONs2X64Rs4,olM_PGpTnY0,0,0,1604673893.0
,GAgrY-6dOuM,1,1,1604673992.0
,0A4XscQ2OpM,0,1,1604673992.0
,ECoQzO5p3sQ,0,1,1604673992.0
,q0k92wO4yd4,0,1,1604673992.0
,6BSrxdnaPWM,0,1,1604673992.0
,z4zxx-RZd64,0,1,1604673992.0
,SHZ1l8tUqcQ,0,1,1604673992.0
,puKy3NPur3U,0,1,1604673992.0
,puKy3NPur3U,0,1,1604673992.0
,XJwIxWm8wb4,0,1,1604673992.0
,bEbkkLmLKk0,0,1,1604673992.0
,rHk7iBDqst0,0,1,1604673992.0
,YLf829GlsBM,0,1,1604673992.0
,tGY8ZDEUG4c,0,1,1604673992.0
,qBgz2wJW97k,0,1,1604673992.0
,7EhJU6iRMhc,0,1,1604673992.0
,-Gc3Py03Pq0,0,1,1604673992.0
,z7pne_nbkws,0,1,1604673992.0
,_eQLFVpOYm4,0,1,1604673992.0
,U-uLfBQ6_WI,0,1,1604673992.0
,014npOA0t-s,0,1,1604673992.0
,tkWAkNnumrE,0,1,1604673992.0
,qkBFypLUZJM,0,1,1604673992.0
,OUVgYfD6Zlo&t=97s,0,1,1604673992.0
,kKsZkLF-Hr8,0,1,1604673992.0
,VIwcc4y38hs,0,1,1604673992.0
,t01HR9Up_1U,0,1,1604673992.0
GAgrY-6dOuM,-nCtVQn6Zv8,1,0,1604673996.0
GAgrY-6dOuM,e8pTSqeJluQ,0,0,1604673996.0
GAgrY-6dOuM,inVi8wlCgiM,0,0,1604673996.0
GAgrY-6dOuM,HLVGPCmQ9Pc,0,0,1604673996.0
GAgrY-6dOuM,ApcSHVTr8UE,0,0,1604673996.0
GAgrY-6dOuM,eAYOjmdyr_U,0,0,1604673996.0
GAgrY-6dOuM,4aCTqEg5Ygc,0,0,1604673996.0
GAgrY-6dOuM,CZDFuBBq1wI,0,0,1604673997.0
GAgrY-6dOuM,yHdIcqI7wG4,0,0,1604673997.0
GAgrY-6dOuM,SICfCi2-LQY,0,0,1604673997.0
GAgrY-6dOuM,zLncu9fuho8,0,0,1604673997.0
GAgrY-6dOuM,a7U_sXC7gKI,0,0,1604673997.0
GAgrY-6dOuM,Wa901cyXFJ0,0,0,1604673997.0
GAgrY-6dOuM,joYkBRA25sg,0,0,1604673997.0
GAgrY-6dOuM,NNO3ardMcc0,0,0,1604673997.0
GAgrY-6dOuM,r5ZUpCAgLHA,0,0,1604673997.0
GAgrY-6dOuM,W_FrwNQySvs,0,0,1604673997.0
GAgrY-6dOuM,j-X0A3l0D5Q,0,0,1604673997.0
GAgrY-6dOuM,2jQmYCtBYwM,0,0,1604673997.0
GAgrY-6dOuM,bo2EhRIAEYk,0,0,1604673997.0
-nCtVQn6Zv8,hRRpfFqu2qg,1,0,1604674011.0
-nCtVQn6Zv8,CWe9Vg6tCR4,0,0,1604674011.0
-nCtVQn6Zv8,S_qsXtZc4Xo,0,0,1604674011.0
-nCtVQn6Zv8,CVO8gjn3dFg,0,0,1604674011.0
-nCtVQn6Zv8,TCqf3rgPiQM,0,0,1604674011.0
-nCtVQn6Zv8,eAYOjmdyr_U,0,0,1604674011.0
-nCtVQn6Zv8,Y1cWWnvWqrU,0,0,1604674011.0
-nCtVQn6Zv8,6dNOEIER9zE,0,0,1604674011.0
-nCtVQn6Zv8,feb2oiX6WuQ,0,0,1604674011.0
-nCtVQn6Zv8,ZNcaZvBgMSk,0,0,1604674011.0
-nCtVQn6Zv8,sNwh3yF7FCQ,0,0,1604674011.0
-nCtVQn6Zv8,PDB3lccaURA,0,0,1604674011.0
-nCtVQn6Zv8,Q97Uob9HNHQ,0,0,1604674011.0
-nCtVQn6Zv8,VbgC6rhy28g,0,0,1604674011.0
-nCtVQn6Zv8,b_XemXQVYjs,0,0,1604674011.0
-nCtVQn6Zv8,3Vq27ECnkgA,0,0,1604674011.0
-nCtVQn6Zv8,KnB2De9h5jA,0,0,1604674011.0
-nCtVQn6Zv8,Tb2IfGc0ves,0,0,1604674011.0
-nCtVQn6Zv8,ivzta9c2A5M,0,0,1604674011.0
-nCtVQn6Zv8,mp_cxjWIxIE,0,0,1604674011.0
hRRpfFqu2qg,ZdmHaLswOOg,1,0,1604674025.0
hRRpfFqu2qg,-72P_EFphSc,0,0,1604674025.0
hRRpfFqu2qg,inVi8wlCgiM,0,0,1604674025.0
hRRpfFqu2qg,hjHnWz3EyHs,0,0,1604674025.0
hRRpfFqu2qg,Wa901cyXFJ0,0,0,1604674025.0
hRRpfFqu2qg,Jp2kgkcswik,0,0,1604674025.0
hRRpfFqu2qg,CWe9Vg6tCR4,0,0,1604674025.0
hRRpfFqu2qg,CZDFuBBq1wI,0,0,1604674025.0
hRRpfFqu2qg,4lmEdjRK1hM,0,0,1604674025.0
hRRpfFqu2qg,i_wnFX5WPv4,0,0,1604674025.0
hRRpfFqu2qg,UrO30-kkfms,0,0,1604674025.0
hRRpfFqu2qg,mOqH7v7jchk,0,0,1604674025.0
hRRpfFqu2qg,eTjTu2R1euI,0,0,1604674025.0
hRRpfFqu2qg,yxkHK28elhU,0,0,1604674025.0
hRRpfFqu2qg,Wt_Wy7En_rU,0,0,1604674026.0
hRRpfFqu2qg,0H2YaI4XoLk,0,0,1604674026.0
hRRpfFqu2qg,w_LarBhAj0E,0,0,1604674026.0
hRRpfFqu2qg,9yGpodCtL4Q,0,0,1604674026.0
hRRpfFqu2qg,g2O9DcWS3jc,0,0,1604674026.0
hRRpfFqu2qg,RX6bWA2Jw54,0,0,1604674026.0
ZdmHaLswOOg,g2O9DcWS3jc,1,0,1604674040.0
ZdmHaLswOOg,CWe9Vg6tCR4,0,0,1604674040.0
ZdmHaLswOOg,5D5DgQi2oqA,0,0,1604674040.0
ZdmHaLswOOg,OT2kBbPZrqw,0,0,1604674040.0
ZdmHaLswOOg,qOb5aqarEsg,0,0,1604674040.0
ZdmHaLswOOg,Jp2kgkcswik,0,0,1604674040.0
ZdmHaLswOOg,ahd2bbGoGTs,0,0,1604674040.0
ZdmHaLswOOg,YlaWGd1cUms,0,0,1604674040.0
ZdmHaLswOOg,4aCTqEg5Ygc,0,0,1604674040.0
ZdmHaLswOOg,0sRODt2zyUo,0,0,1604674040.0
ZdmHaLswOOg,Wa901cyXFJ0,0,0,1604674040.0
ZdmHaLswOOg,9EMd039vH-Q,0,0,1604674040.0
ZdmHaLswOOg,CVO8gjn3dFg,0,0,1604674040.0
ZdmHaLswOOg,uJrtGrGOVlM,0,0,1604674040.0
ZdmHaLswOOg,5LyponXOCW4,0,0,1604674040.0
ZdmHaLswOOg,UQlMo2d7dig,0,0,1604674040.0
ZdmHaLswOOg,w_LarBhAj0E,0,0,1604674040.0
ZdmHaLswOOg,zpQrvSLUYcE,0,0,1604674040.0
ZdmHaLswOOg,a7U_sXC7gKI,0,0,1604674040.0
ZdmHaLswOOg,CZDFuBBq1wI,0,0,1604674040.0
g2O9DcWS3jc,sKHO1AwGpuY,1,0,1604674054.0
g2O9DcWS3jc,CWe9Vg6tCR4,0,0,1604674054.0
g2O9DcWS3jc,qmhQoyOf5Cs,0,0,1604674054.0
g2O9DcWS3jc,m33iuRPzWRc,0,0,1604674054.0
g2O9DcWS3jc,yuK9_Qo1AV4,0,0,1604674054.0
g2O9DcWS3jc,inVi8wlCgiM,0,0,1604674054.0
g2O9DcWS3jc,3sgQdgMTGxk,0,0,1604674054.0
g2O9DcWS3jc,I1ojFyIx4gA,0,0,1604674054.0
g2O9DcWS3jc,W_yHaqXoQ38,0,0,1604674054.0
g2O9DcWS3jc,ZC_CPD317GE,0,0,1604674054.0
g2O9DcWS3jc,RNNtT4pHSwY,0,0,1604674054.0
g2O9DcWS3jc,RkYQluzmELY,0,0,1604674054.0
g2O9DcWS3jc,EO93Ixdsz9s,0,0,1604674054.0
g2O9DcWS3jc,W9T4JPjE44Y,0,0,1604674054.0
g2O9DcWS3jc,5LyponXOCW4,0,0,1604674054.0
g2O9DcWS3jc,XRCIzZHpFtY,0,0,1604674054.0
g2O9DcWS3jc,slFoR642kis,0,0,1604674054.0
g2O9DcWS3jc,O9ZoX9eq0W4,0,0,1604674054.0
g2O9DcWS3jc,Wa901cyXFJ0,0,0,1604674054.0
g2O9DcWS3jc,87PXo6v0W-Y,0,0,1604674054.0
sKHO1AwGpuY,t9H5fGVv3hE,1,0,1604674069.0
sKHO1AwGpuY,sKHO1AwGpuY,0,0,1604674069.0
sKHO1AwGpuY,CWe9Vg6tCR4,0,0,1604674069.0
sKHO1AwGpuY,pKRzfdIJUZE,0,0,1604674069.0
sKHO1AwGpuY,inVi8wlCgiM,0,0,1604674069.0
sKHO1AwGpuY,0A4XscQ2OpM,0,0,1604674069.0
sKHO1AwGpuY,bTJbWylt4-A,0,0,1604674069.0
sKHO1AwGpuY,2liJVO8nxv4,0,0,1604674069.0
sKHO1AwGpuY,HE6h1ae-0SU,0,0,1604674069.0
sKHO1AwGpuY,UrO30-kkfms,0,0,1604674069.0
sKHO1AwGpuY,V4pb1i-Tq3g,0,0,1604674069.0
sKHO1AwGpuY,H6vZVJDHPlA,0,0,1604674069.0
sKHO1AwGpuY,3leX_qT6GPI,0,0,1604674069.0
sKHO1AwGpuY,UXm-dBSUGCs,0,0,1604674069.0
sKHO1AwGpuY,FBPzE_Li66o,0,0,1604674069.0
sKHO1AwGpuY,WWly8ZNxqn8,0,0,1604674069.0
sKHO1AwGpuY,cSOhwIOARWg,0,0,1604674069.0
sKHO1AwGpuY,VCnrGA0xXVo,0,0,1604674069.0
sKHO1AwGpuY,a6T6SBfoY50,0,0,1604674069.0
sKHO1AwGpuY,mOqH7v7jchk,0,0,1604674069.0
t9H5fGVv3hE,HLeHCCqjfcs,1,0,1604674083.0
t9H5fGVv3hE,CWe9Vg6tCR4,0,0,1604674083.0
t9H5fGVv3hE,gO_KyTtJg10,0,0,1604674083.0
t9H5fGVv3hE,BGKDN8XaXuY,0,0,1604674083.0
t9H5fGVv3hE,eTjTu2R1euI,0,0,1604674083.0
t9H5fGVv3hE,VCnrGA0xXVo,0,0,1604674083.0
t9H5fGVv3hE,ZnHbdtRYkfQ,0,0,1604674083.0
t9H5fGVv3hE,bEbkkLmLKk0,0,0,1604674083.0
t9H5fGVv3hE,io97GiJWdE8,0,0,1604674083.0
t9H5fGVv3hE,uqUuuoxbyJY,0,0,1604674084.0
t9H5fGVv3hE,d4CtwRZPMyE,0,0,1604674084.0
t9H5fGVv3hE,ae3Z1C8HJ3k,0,0,1604674084.0
t9H5fGVv3hE,V4pb1i-Tq3g,0,0,1604674084.0
t9H5fGVv3hE,d45DWuUxRLs,0,0,1604674084.0
t9H5fGVv3hE,UrO30-kkfms,0,0,1604674084.0
t9H5fGVv3hE,zpQrvSLUYcE,0,0,1604674084.0
t9H5fGVv3hE,eMbl43kxDN0,0,0,1604674084.0
t9H5fGVv3hE,WIxrIM3dGuQ,0,0,1604674084.0
t9H5fGVv3hE,KTAEzzFM1dI,0,0,1604674084.0
t9H5fGVv3hE,mp_cxjWIxIE,0,0,1604674084.0
t9H5fGVv3hE,HLeHCCqjfcs,1,0,1604674099.0
t9H5fGVv3hE,CWe9Vg6tCR4,0,0,1604674099.0
t9H5fGVv3hE,gO_KyTtJg10,0,0,1604674099.0
t9H5fGVv3hE,BGKDN8XaXuY,0,0,1604674099.0
t9H5fGVv3hE,eTjTu2R1euI,0,0,1604674099.0
t9H5fGVv3hE,VCnrGA0xXVo,0,0,1604674099.0
t9H5fGVv3hE,ZnHbdtRYkfQ,0,0,1604674099.0
t9H5fGVv3hE,bEbkkLmLKk0,0,0,1604674099.0
t9H5fGVv3hE,io97GiJWdE8,0,0,1604674099.0
t9H5fGVv3hE,uqUuuoxbyJY,0,0,1604674099.0
t9H5fGVv3hE,d4CtwRZPMyE,0,0,1604674099.0
t9H5fGVv3hE,ae3Z1C8HJ3k,0,0,1604674099.0
t9H5fGVv3hE,V4pb1i-Tq3g,0,0,1604674099.0
t9H5fGVv3hE,d45DWuUxRLs,0,0,1604674099.0
t9H5fGVv3hE,UrO30-kkfms,0,0,1604674099.0
t9H5fGVv3hE,zpQrvSLUYcE,0,0,1604674099.0
t9H5fGVv3hE,eMbl43kxDN0,0,0,1604674099.0
t9H5fGVv3hE,WIxrIM3dGuQ,0,0,1604674099.0
t9H5fGVv3hE,KTAEzzFM1dI,0,0,1604674099.0
t9H5fGVv3hE,mp_cxjWIxIE,0,0,1604674099.0
HLeHCCqjfcs,UrO30-kkfms,1,0,1604674113.0
HLeHCCqjfcs,HLeHCCqjfcs,0,0,1604674113.0
HLeHCCqjfcs,CWe9Vg6tCR4,0,0,1604674113.0
HLeHCCqjfcs,lFmUzEmTIVw,0,0,1604674113.0
HLeHCCqjfcs,249b9pS6Lp0,0,0,1604674113.0
HLeHCCqjfcs,-h_izSt2ZaM,0,0,1604674113.0
HLeHCCqjfcs,kiJyPnJFnd8,0,0,1604674113.0
HLeHCCqjfcs,mp_cxjWIxIE,0,0,1604674113.0
HLeHCCqjfcs,w46bWxS9IjY,0,0,1604674113.0
HLeHCCqjfcs,Ix8qqr7z9Aw,0,0,1604674113.0
HLeHCCqjfcs,OVGZAdZw06Y,0,0,1604674113.0
HLeHCCqjfcs,LYp1hn_ejHU,0,0,1604674113.0
HLeHCCqjfcs,BGKDN8XaXuY,0,0,1604674113.0
HLeHCCqjfcs,ZBjtG9rAUww,0,0,1604674113.0
HLeHCCqjfcs,inVi8wlCgiM,0,0,1604674113.0
HLeHCCqjfcs,-p2zVaVOUo8,0,0,1604674113.0
HLeHCCqjfcs,eTjTu2R1euI,0,0,1604674113.0
HLeHCCqjfcs,mOqH7v7jchk,0,0,1604674114.0
HLeHCCqjfcs,wCvwPKReCcg,0,0,1604674114.0
HLeHCCqjfcs,qOb5aqarEsg,0,0,1604674114.0
UrO30-kkfms,_oOvndmd0k0,1,0,1604674128.0
UrO30-kkfms,UrO30-kkfms,0,0,1604674128.0
UrO30-kkfms,ZnHbdtRYkfQ,0,0,1604674128.0
UrO30-kkfms,nxRHejWJiYo,0,0,1604674128.0
UrO30-kkfms,CWe9Vg6tCR4,0,0,1604674128.0
UrO30-kkfms,2mSr6GgQV2Y,0,0,1604674128.0
UrO30-kkfms,85oC3HWyh1I,0,0,1604674128.0
UrO30-kkfms,SLXbw_439Lc,0,0,1604674128.0
UrO30-kkfms,BGKDN8XaXuY,0,0,1604674128.0
UrO30-kkfms,2pbv6SHxOJs,0,0,1604674128.0
UrO30-kkfms,1inR2b7PS5M,0,0,1604674128.0
UrO30-kkfms,inVi8wlCgiM,0,0,1604674128.0
UrO30-kkfms,HE6h1ae-0SU,0,0,1604674128.0
UrO30-kkfms,eTjTu2R1euI,0,0,1604674128.0
UrO30-kkfms,3leX_qT6GPI,0,0,1604674129.0
UrO30-kkfms,wCvwPKReCcg,0,0,1604674129.0
UrO30-kkfms,MtbH3K2xu0g,0,0,1604674129.0
UrO30-kkfms,Gu8KcLiqruc,0,0,1604674129.0
UrO30-kkfms,Up-70TeBAjI,0,0,1604674129.0
UrO30-kkfms,KTAEzzFM1dI,0,0,1604674129.0
,Bm8Ow1QE8PQ,1,1,1604677379.0
,lwxLQnE4DHE,0,1,1604677379.0
,znsjeiWdu1Q,0,1,1604677379.0
,BLjcQF5TCw4,0,1,1604677379.0
,FOoSvAeFPP4,0,1,1604677379.0
,tkWAkNnumrE,0,1,1604677379.0
,gqDl5N_5_iM,0,1,1604677379.0
,7n9lQExSkls,0,1,1604677379.0
,7n9lQExSkls,0,1,1604677379.0
,Ssh4nncojNY,0,1,1604677379.0
,XJwIxWm8wb4,0,1,1604677379.0
,Ecj_ftNNYYI,0,1,1604677379.0
,3oeNu9ZufV0,0,1,1604677379.0
,XAPMZfGcxIY,0,1,1604677379.0
,bEbkkLmLKk0,0,1,1604677379.0
,YXGQGydNVik,0,1,1604677379.0
,pMYkY_5vYgw,0,1,1604677379.0
,qkBFypLUZJM,0,1,1604677379.0
,S7P2DIRN7Ic,0,1,1604677379.0
,jAOM1C9N_bQ,0,1,1604677379.0
,aefHHOUM_ds,0,1,1604677379.0
,Xjv1sY630Uc,0,1,1604677379.0
,kQTrKrrrbck,0,1,1604677379.0
,cGoGnjjfUAg,0,1,1604677379.0
,CLo8n47A-tI,0,1,1604677379.0
,z7pne_nbkws,0,1,1604677379.0
,YLf829GlsBM,0,1,1604677379.0
,7EhJU6iRMhc,0,1,1604677379.0
,-Gc3Py03Pq0,0,1,1604677379.0
,mvPD6i3KUCk,0,1,1604677379.0
,a12UgLvBLPA,0,1,1604677379.0
,GK9ZtX09qK4,0,1,1604677379.0
Bm8Ow1QE8PQ,cN0CBnpAvqI,1,0,1604677383.0
Bm8Ow1QE8PQ,CWe9Vg6tCR4,0,0,1604677383.0
Bm8Ow1QE8PQ,PN5mkRRZeu8,0,0,1604677383.0
Bm8Ow1QE8PQ,-72P_EFphSc,0,0,1604677383.0
Bm8Ow1QE8PQ,cnNAuSZ1Sdw,0,0,1604677383.0
Bm8Ow1QE8PQ,EfcrWljnLHw,0,0,1604677383.0
Bm8Ow1QE8PQ,b_XemXQVYjs,0,0,1604677383.0
Bm8Ow1QE8PQ,TJDc7BbqLMU,0,0,1604677383.0
Bm8Ow1QE8PQ,inVi8wlCgiM,0,0,1604677383.0
Bm8Ow1QE8PQ,ifNQRgn2Sb4,0,0,1604677383.0
Bm8Ow1QE8PQ,q0k92wO4yd4,0,0,1604677383.0
Bm8Ow1QE8PQ,CfgfSz3hgog,0,0,1604677383.0
Bm8Ow1QE8PQ,lLLvxhOPdik,0,0,1604677383.0
Bm8Ow1QE8PQ,FsL5_FAy9sw,0,0,1604677383.0
Bm8Ow1QE8PQ,5D56Ra8-FS8,0,0,1604677383.0
Bm8Ow1QE8PQ,eHiH1NytwjM,0,0,1604677383.0
Bm8Ow1QE8PQ,bSJqfkCNVGQ,0,0,1604677383.0
Bm8Ow1QE8PQ,ENc9DYFdJNw,0,0,1604677383.0
Bm8Ow1QE8PQ,ZNcaZvBgMSk,0,0,1604677383.0
Bm8Ow1QE8PQ,Yym5xcpnA4E,0,0,1604677383.0
cN0CBnpAvqI,ZLwCl3-3yJY,1,0,1604677397.0
cN0CBnpAvqI,CWe9Vg6tCR4,0,0,1604677397.0
cN0CBnpAvqI,a7U_sXC7gKI,0,0,1604677397.0
cN0CBnpAvqI,-72P_EFphSc,0,0,1604677397.0
cN0CBnpAvqI,TJDc7BbqLMU,0,0,1604677398.0
cN0CBnpAvqI,5a6Ia2b6urk,0,0,1604677398.0
cN0CBnpAvqI,cnNAuSZ1Sdw,0,0,1604677398.0
cN0CBnpAvqI,YjRNk9W1swg,0,0,1604677398.0
cN0CBnpAvqI,CZDFuBBq1wI,0,0,1604677398.0
cN0CBnpAvqI,uuBsxtuq_W0,0,0,1604677398.0
cN0CBnpAvqI,xbyZZn-cLIc,0,0,1604677398.0
cN0CBnpAvqI,7Fuf7yG4U5I,0,0,1604677398.0
cN0CBnpAvqI,py6o5u6QHhs,0,0,1604677398.0
cN0CBnpAvqI,inVi8wlCgiM,0,0,1604677398.0
cN0CBnpAvqI,FXtcIk0d3GQ,0,0,1604677398.0
cN0CBnpAvqI,93KZfojHPog,0,0,1604677398.0
cN0CBnpAvqI,jlzLEXO90A4,0,0,1604677398.0
cN0CBnpAvqI,KxsTddOh61g,0,0,1604677398.0
cN0CBnpAvqI,lJ6udkwoMZ4,0,0,1604677398.0
cN0CBnpAvqI,l83UQkd6Wgs,0,0,1604677398.0
cN0CBnpAvqI,UUOf5ol7tMk,1,0,1604677412.0
cN0CBnpAvqI,CWe9Vg6tCR4,0,0,1604677412.0
cN0CBnpAvqI,a7U_sXC7gKI,0,0,1604677412.0
cN0CBnpAvqI,CwzjlmBLfrQ,0,0,1604677412.0
cN0CBnpAvqI,joYkBRA25sg,0,0,1604677412.0
cN0CBnpAvqI,4aCTqEg5Ygc,0,0,1604677412.0
cN0CBnpAvqI,CZDFuBBq1wI,0,0,1604677412.0
cN0CBnpAvqI,tAPAiVTBwu0,0,0,1604677412.0
cN0CBnpAvqI,cnNAuSZ1Sdw,0,0,1604677412.0
cN0CBnpAvqI,ZflUUZSvMcw,0,0,1604677412.0
cN0CBnpAvqI,-T4wFlxfQcQ,0,0,1604677412.0
cN0CBnpAvqI,FXtcIk0d3GQ,0,0,1604677412.0
cN0CBnpAvqI,py6o5u6QHhs,0,0,1604677412.0
cN0CBnpAvqI,zVPew5Fy2e0,0,0,1604677412.0
cN0CBnpAvqI,Y1NaA4AevUc,0,0,1604677412.0
cN0CBnpAvqI,tXkSrHmZSjE,0,0,1604677412.0
cN0CBnpAvqI,mEYuiLgXQ1k,0,0,1604677412.0
cN0CBnpAvqI,XJwIxWm8wb4,0,0,1604677412.0
cN0CBnpAvqI,G1VvHZ25j_k,0,0,1604677412.0
cN0CBnpAvqI,sIO6GBZfCtw,0,0,1604677412.0
,S7P2DIRN7Ic,1,1,1604677783.0
,TCqf3rgPiQM,0,1,1604677783.0
,z7pne_nbkws,0,1,1604677783.0
,_rwXsgSwSMA,0,1,1604677783.0
,rzjGz20WUyM,0,1,1604677783.0
,kulA1O5ykBA,0,1,1604677783.0
,H2drZLBevTA,0,1,1604677783.0
,7n9lQExSkls,0,1,1604677783.0
,7n9lQExSkls,0,1,1604677783.0
,Ssh4nncojNY,0,1,1604677783.0
,XJwIxWm8wb4,0,1,1604677783.0
,Ecj_ftNNYYI,0,1,1604677783.0
,3oeNu9ZufV0,0,1,1604677783.0
,XAPMZfGcxIY,0,1,1604677783.0
,bEbkkLmLKk0,0,1,1604677783.0
,YXGQGydNVik,0,1,1604677783.0
,CLo8n47A-tI,0,1,1604677783.0
,cIsn8s8B7g8,0,1,1604677783.0
,z4zxx-RZd64,0,1,1604677783.0
,xqeurAQfKsM,0,1,1604677783.0
,GK9ZtX09qK4,0,1,1604677783.0
,YLf829GlsBM,0,1,1604677783.0
,MgnlbDVuPdg,0,1,1604677783.0
,FUtOaczGmUY,0,1,1604677783.0
,ykv2SJt9glA,0,1,1604677783.0
,kQTrKrrrbck,0,1,1604677783.0
,BKdmTRUK6Uo,0,1,1604677783.0
,qkBFypLUZJM,0,1,1604677783.0
,yiKFYTFJ_kw,0,1,1604677783.0
,KiAu0Mkse2U,0,1,1604677783.0
,BKtwV0osvqk,0,1,1604677783.0
,upcnQTfeKqs,0,1,1604677783.0
S7P2DIRN7Ic,a7U_sXC7gKI,1,0,1604677787.0
S7P2DIRN7Ic,CWe9Vg6tCR4,0,0,1604677787.0
S7P2DIRN7Ic,7tu15CD6qT0,0,0,1604677787.0
S7P2DIRN7Ic,joYkBRA25sg,0,0,1604677787.0
S7P2DIRN7Ic,RgeDF9_gQCM,0,0,1604677787.0
S7P2DIRN7Ic,CZDFuBBq1wI,0,0,1604677787.0
S7P2DIRN7Ic,l83UQkd6Wgs,0,0,1604677787.0
S7P2DIRN7Ic,FXtcIk0d3GQ,0,0,1604677787.0
S7P2DIRN7Ic,Bsi_7VeP8u0,0,0,1604677787.0
S7P2DIRN7Ic,b_XemXQVYjs,0,0,1604677787.0
S7P2DIRN7Ic,WckYnQCZ1qs,0,0,1604677787.0
S7P2DIRN7Ic,r5ZUpCAgLHA,0,0,1604677787.0
S7P2DIRN7Ic,sIO6GBZfCtw,0,0,1604677787.0
S7P2DIRN7Ic,PfjhziK1pkQ,0,0,1604677787.0
S7P2DIRN7Ic,_ZXmuxFD2pc,0,0,1604677787.0
S7P2DIRN7Ic,7Fuf7yG4U5I,0,0,1604677787.0
S7P2DIRN7Ic,l-NXtoaEsag,0,0,1604677787.0
S7P2DIRN7Ic,MoGuH3JbMPw,0,0,1604677788.0
S7P2DIRN7Ic,bjbo0h8SmwI,0,0,1604677788.0
S7P2DIRN7Ic,tqo3_qRsJMQ,0,0,1604677788.0
,EIVfzbshxxY,1,1,1604677890.0
,GK9ZtX09qK4,0,1,1604677890.0
,md-KrR0Dj_w,0,1,1604677890.0
,E7R-OGH9ZRM,0,1,1604677890.0
,cGoGnjjfUAg,0,1,1604677890.0
,CLo8n47A-tI,0,1,1604677890.0
,6BSrxdnaPWM,0,1,1604677890.0
,7n9lQExSkls,0,1,1604677890.0
,7n9lQExSkls,0,1,1604677890.0
,Ssh4nncojNY,0,1,1604677890.0
,XJwIxWm8wb4,0,1,1604677890.0
,Ecj_ftNNYYI,0,1,1604677890.0
,58d79vPdXTE,0,1,1604677890.0
,XAPMZfGcxIY,0,1,1604677890.0
,bEbkkLmLKk0,0,1,1604677890.0
,YXGQGydNVik,0,1,1604677890.0
,yRM-b89u8yI,0,1,1604677890.0
,mvPD6i3KUCk,0,1,1604677890.0
,WGRnhBmHYN0,0,1,1604677890.0
,SHZ1l8tUqcQ,0,1,1604677890.0
,XULUBg_ZcAU,0,1,1604677890.0
,fglfzmbkgxM,0,1,1604677890.0
,HPCl5R__vk4,0,1,1604677890.0
,U-uLfBQ6_WI,0,1,1604677890.0
,_JNeiGbAgL4,0,1,1604677890.0
,ykv2SJt9glA,0,1,1604677890.0
,BKdmTRUK6Uo,0,1,1604677890.0
,qkBFypLUZJM,0,1,1604677890.0
,kQTrKrrrbck,0,1,1604677890.0
,MgnlbDVuPdg,0,1,1604677890.0
,-T4wFlxfQcQ,0,1,1604677890.0
,Lf3rTu68CBo,0,1,1604677890.0
EIVfzbshxxY,a7U_sXC7gKI,1,0,1604677894.0
EIVfzbshxxY,CWe9Vg6tCR4,0,0,1604677894.0
EIVfzbshxxY,e8pTSqeJluQ,0,0,1604677894.0
EIVfzbshxxY,qcblzukoJqA,0,0,1604677894.0
EIVfzbshxxY,TJDc7BbqLMU,0,0,1604677894.0
EIVfzbshxxY,zB0xNrsEIqU,0,0,1604677894.0
EIVfzbshxxY,eAYOjmdyr_U,0,0,1604677894.0
EIVfzbshxxY,i_wnFX5WPv4,0,0,1604677894.0
EIVfzbshxxY,myK9a8Ut26k,0,0,1604677894.0
EIVfzbshxxY,bSJqfkCNVGQ,0,0,1604677894.0
EIVfzbshxxY,b_XemXQVYjs,0,0,1604677894.0
EIVfzbshxxY,48iUR4JxcpY,0,0,1604677894.0
EIVfzbshxxY,2jQmYCtBYwM,0,0,1604677894.0
EIVfzbshxxY,5bvl0nU9uFQ,0,0,1604677894.0
EIVfzbshxxY,r5ZUpCAgLHA,0,0,1604677895.0
EIVfzbshxxY,sNwh3yF7FCQ,0,0,1604677895.0
EIVfzbshxxY,kYZcLajDv6A,0,0,1604677895.0
EIVfzbshxxY,avlOGya53IU,0,0,1604677895.0
EIVfzbshxxY,0H2YaI4XoLk,0,0,1604677895.0
EIVfzbshxxY,_ZXmuxFD2pc,0,0,1604677895.0
a7U_sXC7gKI,eTjTu2R1euI,1,0,1604677909.0
a7U_sXC7gKI,yHdIcqI7wG4,0,0,1604677909.0
a7U_sXC7gKI,CWe9Vg6tCR4,0,0,1604677909.0
a7U_sXC7gKI,mOqH7v7jchk,0,0,1604677909.0
a7U_sXC7gKI,kYZcLajDv6A,0,0,1604677909.0
a7U_sXC7gKI,Oa3WnFFyfvs,0,0,1604677909.0
a7U_sXC7gKI,XJwIxWm8wb4,0,0,1604677909.0
a7U_sXC7gKI,-FIpDZDKD8I,0,0,1604677909.0
a7U_sXC7gKI,RbGpUemSXAA,0,0,1604677909.0
a7U_sXC7gKI,NNO3ardMcc0,0,0,1604677909.0
a7U_sXC7gKI,olM_PGpTnY0,0,0,1604677909.0
a7U_sXC7gKI,UbLdAbv5g6U,0,0,1604677909.0
a7U_sXC7gKI,W2UAnJuDL0A,0,0,1604677909.0
a7U_sXC7gKI,cSOhwIOARWg,0,0,1604677909.0
a7U_sXC7gKI,b_XemXQVYjs,0,0,1604677909.0
a7U_sXC7gKI,TCqf3rgPiQM,0,0,1604677909.0
a7U_sXC7gKI,zPUmcFSBD_I,0,0,1604677909.0
a7U_sXC7gKI,MnJ0Uz2o2ko,0,0,1604677909.0
a7U_sXC7gKI,GR7z65Gw1so,0,0,1604677909.0
a7U_sXC7gKI,3kwlmbEAMzE,0,0,1604677909.0
eTjTu2R1euI,3sgQdgMTGxk,1,0,1604677923.0
eTjTu2R1euI,eTjTu2R1euI,0,0,1604677923.0
eTjTu2R1euI,CWe9Vg6tCR4,0,0,1604677923.0
eTjTu2R1euI,pKRzfdIJUZE,0,0,1604677923.0
eTjTu2R1euI,2LTKzsu88dw,0,0,1604677923.0
eTjTu2R1euI,BGKDN8XaXuY,0,0,1604677923.0
eTjTu2R1euI,cU7GcWWqSDI,0,0,1604677923.0
eTjTu2R1euI,3leX_qT6GPI,0,0,1604677923.0
eTjTu2R1euI,pHzwK8VRTns,0,0,1604677923.0
eTjTu2R1euI,wCvwPKReCcg,0,0,1604677923.0
eTjTu2R1euI,VN8g09opZwk,0,0,1604677923.0
eTjTu2R1euI,6Ak2yvf7t3E,0,0,1604677923.0
eTjTu2R1euI,qkBFypLUZJM,0,0,1604677923.0
eTjTu2R1euI,PbsUIY1iWzw,0,0,1604677923.0
eTjTu2R1euI,Pu8JO56fwt8,0,0,1604677923.0
eTjTu2R1euI,S01fLiD2h5w,0,0,1604677923.0
eTjTu2R1euI,ymU5yMMFEeo,0,0,1604677923.0
eTjTu2R1euI,bJyVQjrxClE,0,0,1604677923.0
eTjTu2R1euI,ApiRetIRDeo,0,0,1604677923.0
eTjTu2R1euI,KTAEzzFM1dI,0,0,1604677923.0
3sgQdgMTGxk,S01fLiD2h5w,1,0,1604677937.0
3sgQdgMTGxk,CWe9Vg6tCR4,0,0,1604677937.0
3sgQdgMTGxk,5D5DgQi2oqA,0,0,1604677937.0
3sgQdgMTGxk,ZYA-p6rHy8o,0,0,1604677937.0
3sgQdgMTGxk,3leX_qT6GPI,0,0,1604677937.0
3sgQdgMTGxk,qkBFypLUZJM,0,0,1604677937.0
3sgQdgMTGxk,9-Hur2aowlA,0,0,1604677937.0
3sgQdgMTGxk,RD3KVqyxu7E,0,0,1604677937.0
3sgQdgMTGxk,BGKDN8XaXuY,0,0,1604677937.0
3sgQdgMTGxk,KTAEzzFM1dI,0,0,1604677937.0
3sgQdgMTGxk,0A4XscQ2OpM,0,0,1604677937.0
3sgQdgMTGxk,fK0oQYOf6VA,0,0,1604677937.0
3sgQdgMTGxk,eollizcRpgQ,0,0,1604677937.0
3sgQdgMTGxk,MMRVbhbIkjk,0,0,1604677937.0
3sgQdgMTGxk,wCvwPKReCcg,0,0,1604677937.0
3sgQdgMTGxk,bJyVQjrxClE,0,0,1604677937.0
3sgQdgMTGxk,XJwIxWm8wb4,0,0,1604677937.0
3sgQdgMTGxk,yeKoILKwalI,0,0,1604677937.0
3sgQdgMTGxk,usO_6-RuCrg,0,0,1604677937.0
3sgQdgMTGxk,mOqH7v7jchk,0,0,1604677938.0
S01fLiD2h5w,RexUMFClaTQ,1,0,1604677951.0
S01fLiD2h5w,S01fLiD2h5w,0,0,1604677951.0
S01fLiD2h5w,CWe9Vg6tCR4,0,0,1604677952.0
S01fLiD2h5w,mLvvep81Lpc,0,0,1604677952.0
S01fLiD2h5w,NSqBh2AcYNM,0,0,1604677952.0
S01fLiD2h5w,kYZcLajDv6A,0,0,1604677952.0
S01fLiD2h5w,tqo3_qRsJMQ,0,0,1604677952.0
S01fLiD2h5w,TTcRDOlA8Uw,0,0,1604677952.0
S01fLiD2h5w,l-NXtoaEsag,0,0,1604677952.0
S01fLiD2h5w,inVi8wlCgiM,0,0,1604677952.0
S01fLiD2h5w,nhHIbwZ1Jmw,0,0,1604677952.0
S01fLiD2h5w,BGKDN8XaXuY,0,0,1604677952.0
S01fLiD2h5w,2pbv6SHxOJs,0,0,1604677952.0
S01fLiD2h5w,N5c7IUJsBXY,0,0,1604677952.0
S01fLiD2h5w,w46bWxS9IjY,0,0,1604677952.0
S01fLiD2h5w,3leX_qT6GPI,0,0,1604677952.0
S01fLiD2h5w,yfsKKLHGwy4,0,0,1604677952.0
S01fLiD2h5w,a8IGDMrohnY,0,0,1604677952.0
S01fLiD2h5w,-p2zVaVOUo8,0,0,1604677952.0
S01fLiD2h5w,2liJVO8nxv4,0,0,1604677952.0
RexUMFClaTQ,yeKoILKwalI,1,0,1604677966.0
RexUMFClaTQ,RexUMFClaTQ,0,0,1604677966.0
RexUMFClaTQ,CWe9Vg6tCR4,0,0,1604677966.0
RexUMFClaTQ,32Uo1ffuJUE,0,0,1604677966.0
RexUMFClaTQ,Pu8JO56fwt8,0,0,1604677966.0
RexUMFClaTQ,inVi8wlCgiM,0,0,1604677966.0
RexUMFClaTQ,BGKDN8XaXuY,0,0,1604677966.0
RexUMFClaTQ,3leX_qT6GPI,0,0,1604677966.0
RexUMFClaTQ,wCvwPKReCcg,0,0,1604677966.0
RexUMFClaTQ,RD3KVqyxu7E,0,0,1604677966.0
RexUMFClaTQ,meI2tyZ1m84,0,0,1604677966.0
RexUMFClaTQ,5Gww3bczK28,0,0,1604677966.0
RexUMFClaTQ,HU1S76fx-ZM,0,0,1604677966.0
RexUMFClaTQ,2liJVO8nxv4,0,0,1604677966.0
RexUMFClaTQ,rTOKUfcDVQQ,0,0,1604677966.0
RexUMFClaTQ,eMbl43kxDN0,0,0,1604677966.0
RexUMFClaTQ,fK0oQYOf6VA,0,0,1604677966.0
RexUMFClaTQ,X2pWP1IdfIk,0,0,1604677966.0
RexUMFClaTQ,KTAEzzFM1dI,0,0,1604677966.0
RexUMFClaTQ,4lmEdjRK1hM,0,0,1604677966.0
yeKoILKwalI,qkBFypLUZJM,1,0,1604677980.0
yeKoILKwalI,yeKoILKwalI,0,0,1604677980.0
yeKoILKwalI,TJDc7BbqLMU,0,0,1604677980.0
yeKoILKwalI,-p2zVaVOUo8,0,0,1604677980.0
yeKoILKwalI,2LTKzsu88dw,0,0,1604677980.0
yeKoILKwalI,CWe9Vg6tCR4,0,0,1604677980.0
yeKoILKwalI,1inR2b7PS5M,0,0,1604677980.0
yeKoILKwalI,h8j-6eSVOKI,0,0,1604677980.0
yeKoILKwalI,1ceL1uqrWE0,0,0,1604677980.0
yeKoILKwalI,3leX_qT6GPI,0,0,1604677980.0
yeKoILKwalI,2liJVO8nxv4,0,0,1604677980.0
yeKoILKwalI,mOqH7v7jchk,0,0,1604677980.0
yeKoILKwalI,je55oVF3fP4,0,0,1604677980.0
yeKoILKwalI,Yym5xcpnA4E,0,0,1604677980.0
yeKoILKwalI,W8ffy3pS1VA,0,0,1604677980.0
yeKoILKwalI,lGNQzxzv6KA,0,0,1604677980.0
yeKoILKwalI,nlYqgcbF5bc,0,0,1604677980.0
yeKoILKwalI,TTcRDOlA8Uw,0,0,1604677980.0
yeKoILKwalI,8FVo28Vir0Q,0,0,1604677980.0
yeKoILKwalI,TKlqlC5-eNA,0,0,1604677980.0
qkBFypLUZJM,oxnT0419daY,1,0,1604677994.0
qkBFypLUZJM,qkBFypLUZJM,0,0,1604677994.0
qkBFypLUZJM,w46bWxS9IjY,0,0,1604677994.0
qkBFypLUZJM,GaB9F3R9cIY,0,0,1604677994.0
qkBFypLUZJM,CWe9Vg6tCR4,0,0,1604677994.0
qkBFypLUZJM,5D5DgQi2oqA,0,0,1604677994.0
qkBFypLUZJM,3leX_qT6GPI,0,0,1604677995.0
qkBFypLUZJM,mOqH7v7jchk,0,0,1604677995.0
qkBFypLUZJM,SmH2ZZy0dUI,0,0,1604677995.0
qkBFypLUZJM,lCKQ7dpaS6Y,0,0,1604677995.0
qkBFypLUZJM,Mbf1aoJhHts,0,0,1604677995.0
qkBFypLUZJM,inVi8wlCgiM,0,0,1604677995.0
qkBFypLUZJM,v4vxap2aNVI,0,0,1604677995.0
qkBFypLUZJM,oygjOqSlgpk,0,0,1604677995.0
qkBFypLUZJM,2LTKzsu88dw,0,0,1604677995.0
qkBFypLUZJM,4LcXeC4-RV0,0,0,1604677995.0
qkBFypLUZJM,tqo3_qRsJMQ,0,0,1604677995.0
qkBFypLUZJM,t_gkdcSWeIo,0,0,1604677995.0
qkBFypLUZJM,SICfCi2-LQY,0,0,1604677995.0
qkBFypLUZJM,usTyb5xiU6Q,0,0,1604677995.0
,LQDBJRBOT3U,1,1,1604679749.0
,JuOHeErXzLY,0,1,1604679749.0
,z7pne_nbkws,0,1,1604679749.0
,znsjeiWdu1Q,0,1,1604679749.0
,SdyXZMkclE8,0,1,1604679749.0
,UAV0av2SHTg,0,1,1604679749.0
,b5jt2bhSeXs,0,1,1604679749.0
,Ssh4nncojNY,0,1,1604679749.0
,Ssh4nncojNY,0,1,1604679749.0
,XJwIxWm8wb4,0,1,1604679749.0
,bEbkkLmLKk0,0,1,1604679749.0
,kulA1O5ykBA,0,1,1604679749.0
,VCnrGA0xXVo,0,1,1604679749.0
,YLf829GlsBM,0,1,1604679749.0
,hDSboAb-gmU,0,1,1604679749.0
,Xx086diUiz4,0,1,1604679749.0
,aXlCC8HCFMc,0,1,1604679749.0
,R1JqGHm2HbQ,0,1,1604679749.0
,BKtwV0osvqk,0,1,1604679749.0
,ykv2SJt9glA,0,1,1604679749.0
,mOqH7v7jchk,0,1,1604679749.0
,TJDc7BbqLMU,0,1,1604679749.0
,BKdmTRUK6Uo,0,1,1604679749.0
,MqpFhFqklrw,0,1,1604679749.0
,MgnlbDVuPdg,0,1,1604679749.0
,qkBFypLUZJM&t=11s,0,1,1604679749.0
,GK9ZtX09qK4,0,1,1604679749.0
LQDBJRBOT3U,M3qeGYCvqmc,1,0,1604679753.0
LQDBJRBOT3U,MmrGeWxd87Y,0,0,1604679753.0
LQDBJRBOT3U,MqHm48qskRE,0,0,1604679753.0
LQDBJRBOT3U,xS75LQ3rSAk,0,0,1604679753.0
LQDBJRBOT3U,CWe9Vg6tCR4,0,0,1604679753.0
LQDBJRBOT3U,TJDc7BbqLMU,0,0,1604679753.0
LQDBJRBOT3U,CwzjlmBLfrQ,0,0,1604679753.0
LQDBJRBOT3U,GaB9F3R9cIY,0,0,1604679753.0
LQDBJRBOT3U,QHhxNvYXiJQ,0,0,1604679753.0
LQDBJRBOT3U,zB0xNrsEIqU,0,0,1604679753.0
LQDBJRBOT3U,b_XemXQVYjs,0,0,1604679753.0
LQDBJRBOT3U,9sw3fjLvNiU,0,0,1604679753.0
LQDBJRBOT3U,zxhpQVfHjN0,0,0,1604679753.0
LQDBJRBOT3U,mh5SIfeGiSA,0,0,1604679753.0
LQDBJRBOT3U,-VRx0GRo-Ws,0,0,1604679753.0
LQDBJRBOT3U,4ic7RNS4Dfo,0,0,1604679753.0
LQDBJRBOT3U,hjHnWz3EyHs,0,0,1604679753.0
LQDBJRBOT3U,pAbgc41pksE,0,0,1604679753.0
LQDBJRBOT3U,HE2nUstHQOQ,0,0,1604679753.0
LQDBJRBOT3U,V4pb1i-Tq3g,0,0,1604679753.0
M3qeGYCvqmc,lS3tDaXGt64,1,0,1604679767.0
M3qeGYCvqmc,BRBdvdvj9jA,0,0,1604679767.0
M3qeGYCvqmc,MmrGeWxd87Y,0,0,1604679767.0
M3qeGYCvqmc,qhfFgKlDM8E,0,0,1604679767.0
M3qeGYCvqmc,CWe9Vg6tCR4,0,0,1604679767.0
M3qeGYCvqmc,95-NdIWHl8o,0,0,1604679767.0
M3qeGYCvqmc,UhJY9-OE5vk,0,0,1604679767.0
M3qeGYCvqmc,H1AKGTtV05Q,0,0,1604679767.0
M3qeGYCvqmc,Q0MUd_V1Oa8,0,0,1604679767.0
M3qeGYCvqmc,K9Xn2h-4WNQ,0,0,1604679767.0
M3qeGYCvqmc,N6RsgblDvuk,0,0,1604679767.0
M3qeGYCvqmc,EIVfzbshxxY,0,0,1604679767.0
M3qeGYCvqmc,Eh-lRmwFn7Y,0,0,1604679767.0
M3qeGYCvqmc,ZEe2875qxSU,0,0,1604679767.0
M3qeGYCvqmc,iAxA8IiUWf8,0,0,1604679767.0
M3qeGYCvqmc,aO83VDuHgdQ,0,0,1604679767.0
M3qeGYCvqmc,6YPpz7eb9us,0,0,1604679767.0
M3qeGYCvqmc,aOIawUl6pU4,0,0,1604679767.0
M3qeGYCvqmc,4Yp40d7m_SQ,0,0,1604679767.0
M3qeGYCvqmc,_C0rSEj6x_s,0,0,1604679767.0
lS3tDaXGt64,qySpQ_kIOMo,1,0,1604679771.0
lS3tDaXGt64,BRBdvdvj9jA,0,0,1604679771.0
lS3tDaXGt64,g3Rf5qDuq7M,0,0,1604679771.0
lS3tDaXGt64,bf9PoJP-LjU,0,0,1604679771.0
lS3tDaXGt64,j9oPaL4EsOg,0,0,1604679771.0
lS3tDaXGt64,CZDFuBBq1wI,0,0,1604679771.0
lS3tDaXGt64,CWe9Vg6tCR4,0,0,1604679771.0
lS3tDaXGt64,jtl5XK7QP38,0,0,1604679771.0
lS3tDaXGt64,qhfFgKlDM8E,0,0,1604679771.0
lS3tDaXGt64,TJDc7BbqLMU,0,0,1604679771.0
lS3tDaXGt64,ifcInHC2p7w,0,0,1604679771.0
lS3tDaXGt64,oTC7pjAYgms,0,0,1604679772.0
lS3tDaXGt64,YlaWGd1cUms,0,0,1604679772.0
lS3tDaXGt64,D8NKyy0OF0Q,0,0,1604679772.0
lS3tDaXGt64,3leX_qT6GPI,0,0,1604679772.0
lS3tDaXGt64,93MPdJEZ8_c,0,0,1604679772.0
lS3tDaXGt64,iaVE6ZmvLHw,0,0,1604679772.0
lS3tDaXGt64,bqW2qm02jwI,0,0,1604679772.0
lS3tDaXGt64,pJlnxbO5N2g,0,0,1604679772.0
lS3tDaXGt64,7N3HsaLUCxY,0,0,1604679772.0
qySpQ_kIOMo,pJlnxbO5N2g,1,0,1604679786.0
qySpQ_kIOMo,w_Ma8oQLmSM,0,0,1604679786.0
qySpQ_kIOMo,CPYFiaL6cTE,0,0,1604679786.0
qySpQ_kIOMo,hNHKczIYqgA,0,0,1604679786.0
qySpQ_kIOMo,BZXNoGOOpLQ,0,0,1604679786.0
qySpQ_kIOMo,hjHnWz3EyHs,0,0,1604679786.0
qySpQ_kIOMo,xecEV4dSAXE,0,0,1604679786.0
qySpQ_kIOMo,CWe9Vg6tCR4,0,0,1604679786.0
qySpQ_kIOMo,WCFKWgu4u1g,0,0,1604679786.0
qySpQ_kIOMo,rYpqBro9WoM,0,0,1604679786.0
qySpQ_kIOMo,bqW2qm02jwI,0,0,1604679786.0
qySpQ_kIOMo,G1wsCworwWk,0,0,1604679786.0
qySpQ_kIOMo,hjT6baqfVVQ,0,0,1604679786.0
qySpQ_kIOMo,fEYQod5D9pA,0,0,1604679786.0
qySpQ_kIOMo,eollizcRpgQ,0,0,1604679786.0
qySpQ_kIOMo,C7Gw--6t3s4,0,0,1604679786.0
qySpQ_kIOMo,IuVo4fnpLC8,0,0,1604679786.0
qySpQ_kIOMo,sE63HmOYGps,0,0,1604679786.0
qySpQ_kIOMo,Q0MUd_V1Oa8,0,0,1604679786.0
qySpQ_kIOMo,SICfCi2-LQY,0,0,1604679786.0
pJlnxbO5N2g,-EUbjOtRGaY,1,0,1604679800.0
pJlnxbO5N2g,CPYFiaL6cTE,0,0,1604679800.0
pJlnxbO5N2g,hNHKczIYqgA,0,0,1604679800.0
pJlnxbO5N2g,BZXNoGOOpLQ,0,0,1604679800.0
pJlnxbO5N2g,CWe9Vg6tCR4,0,0,1604679800.0
pJlnxbO5N2g,g3Rf5qDuq7M,0,0,1604679800.0
pJlnxbO5N2g,qhfFgKlDM8E,0,0,1604679800.0
pJlnxbO5N2g,CwzjlmBLfrQ,0,0,1604679800.0
pJlnxbO5N2g,TiVNgBq8Sl0,0,0,1604679800.0
pJlnxbO5N2g,ROST22mSYbE,0,0,1604679800.0
pJlnxbO5N2g,0viKv1RDhak,0,0,1604679800.0
pJlnxbO5N2g,mtoTZ26d65g,0,0,1604679800.0
pJlnxbO5N2g,WSB0lJwcUKU,0,0,1604679800.0
pJlnxbO5N2g,GL3DXJE9UJk,0,0,1604679800.0
pJlnxbO5N2g,TCqf3rgPiQM,0,0,1604679800.0
pJlnxbO5N2g,Kjuunc304eg,0,0,1604679800.0
pJlnxbO5N2g,iaVE6ZmvLHw,0,0,1604679800.0
pJlnxbO5N2g,jtl5XK7QP38,0,0,1604679800.0
pJlnxbO5N2g,b38lHlwZlr4,0,0,1604679800.0
pJlnxbO5N2g,MHscI4TK55s,0,0,1604679800.0
-EUbjOtRGaY,95-NdIWHl8o,1,0,1604679814.0
-EUbjOtRGaY,BZXNoGOOpLQ,0,0,1604679814.0
-EUbjOtRGaY,CWe9Vg6tCR4,0,0,1604679814.0
-EUbjOtRGaY,MqHm48qskRE,0,0,1604679814.0
-EUbjOtRGaY,YNgKK2wTvug,0,0,1604679814.0
-EUbjOtRGaY,pAbgc41pksE,0,0,1604679814.0
-EUbjOtRGaY,hjHnWz3EyHs,0,0,1604679814.0
-EUbjOtRGaY,L5p8avFoUWo,0,0,1604679814.0
-EUbjOtRGaY,014npOA0t-s,0,0,1604679814.0
-EUbjOtRGaY,FZ_EnGLb4UU,0,0,1604679814.0
-EUbjOtRGaY,VqWXcJ481v0,0,0,1604679814.0
-EUbjOtRGaY,XVc0EOOt86c,0,0,1604679814.0
-EUbjOtRGaY,4lmEdjRK1hM,0,0,1604679814.0
-EUbjOtRGaY,G6f0w5BRasw,0,0,1604679814.0
-EUbjOtRGaY,gZR1CvSQntE,0,0,1604679814.0
-EUbjOtRGaY,v3abZ4aAGUU,0,0,1604679814.0
-EUbjOtRGaY,HqZd5xF9-6s,0,0,1604679814.0
-EUbjOtRGaY,RbGpUemSXAA,0,0,1604679814.0
-EUbjOtRGaY,rzjGz20WUyM,0,0,1604679814.0
-EUbjOtRGaY,OfUFSa7S1xY,0,0,1604679815.0
95-NdIWHl8o,pAbgc41pksE,1,0,1604679828.0
95-NdIWHl8o,CWe9Vg6tCR4,0,0,1604679829.0
95-NdIWHl8o,qhfFgKlDM8E,0,0,1604679829.0
95-NdIWHl8o,CD1LR0EIFWg,0,0,1604679829.0
95-NdIWHl8o,M3qeGYCvqmc,0,0,1604679829.0
95-NdIWHl8o,dnagNbV8LQw,0,0,1604679829.0
95-NdIWHl8o,L5p8avFoUWo,0,0,1604679829.0
95-NdIWHl8o,v3abZ4aAGUU,0,0,1604679829.0
95-NdIWHl8o,A4uX5r959jg,0,0,1604679829.0
95-NdIWHl8o,8bafnjhcTzk,0,0,1604679829.0
95-NdIWHl8o,Bm8Ow1QE8PQ,0,0,1604679829.0
95-NdIWHl8o,jtl5XK7QP38,0,0,1604679829.0
95-NdIWHl8o,IRMp6fBFu6g,0,0,1604679829.0
95-NdIWHl8o,msGu5xKMOs4,0,0,1604679829.0
95-NdIWHl8o,FZ_EnGLb4UU,0,0,1604679829.0
95-NdIWHl8o,sqhvcrOPOXE,0,0,1604679829.0
95-NdIWHl8o,iuiqZHgMxv4,0,0,1604679829.0
95-NdIWHl8o,CEe5EvKxKOI,0,0,1604679829.0
95-NdIWHl8o,L976k5jDJBE,0,0,1604679829.0
95-NdIWHl8o,VCnrGA0xXVo,0,0,1604679829.0
pAbgc41pksE,Np7lObaDiBk,1,0,1604679833.0
pAbgc41pksE,gxepM2uSW9g,0,0,1604679833.0
pAbgc41pksE,bf9PoJP-LjU,0,0,1604679833.0
pAbgc41pksE,QVz5e7AEyFg,0,0,1604679833.0
pAbgc41pksE,rZ7VVGvrfiA,0,0,1604679833.0
pAbgc41pksE,YtUWlQQIT18,0,0,1604679833.0
pAbgc41pksE,YNgKK2wTvug,0,0,1604679833.0
pAbgc41pksE,RAjbDtyGsI4,0,0,1604679833.0
pAbgc41pksE,CWe9Vg6tCR4,0,0,1604679833.0
pAbgc41pksE,kUkKhRtk8VU,0,0,1604679833.0
pAbgc41pksE,VRJmcxCrAOA,0,0,1604679833.0
pAbgc41pksE,L5p8avFoUWo,0,0,1604679833.0
pAbgc41pksE,BbFRgMR8Urk,0,0,1604679833.0
pAbgc41pksE,j9oPaL4EsOg,0,0,1604679833.0
pAbgc41pksE,D2bnLJSV3uI,0,0,1604679833.0
pAbgc41pksE,OfUFSa7S1xY,0,0,1604679833.0
pAbgc41pksE,rzjGz20WUyM,0,0,1604679833.0
pAbgc41pksE,argh8anOJQA,0,0,1604679833.0
pAbgc41pksE,xhV86xhbr_0,0,0,1604679833.0
pAbgc41pksE,CwzjlmBLfrQ,0,0,1604679833.0
Np7lObaDiBk,rzjGz20WUyM,1,0,1604679847.0
Np7lObaDiBk,gO_KyTtJg10,0,0,1604679847.0
Np7lObaDiBk,RUFOvqavYi0,0,0,1604679847.0
Np7lObaDiBk,CWe9Vg6tCR4,0,0,1604679847.0
Np7lObaDiBk,rZ7VVGvrfiA,0,0,1604679847.0
Np7lObaDiBk,QVz5e7AEyFg,0,0,1604679847.0
Np7lObaDiBk,MqHm48qskRE,0,0,1604679847.0
Np7lObaDiBk,pAbgc41pksE,0,0,1604679847.0
Np7lObaDiBk,rT5S8sV9ppY,0,0,1604679847.0
Np7lObaDiBk,CwzjlmBLfrQ,0,0,1604679847.0
Np7lObaDiBk,nmfaiUveCI8,0,0,1604679847.0
Np7lObaDiBk,3leX_qT6GPI,0,0,1604679847.0
Np7lObaDiBk,0A0_PLbNQ1o,0,0,1604679847.0
Np7lObaDiBk,gAWrAQp7pWQ,0,0,1604679847.0
Np7lObaDiBk,EQRZoxnnfbA,0,0,1604679847.0
Np7lObaDiBk,FZ_EnGLb4UU,0,0,1604679847.0
Np7lObaDiBk,bG6omxJJrw4,0,0,1604679847.0
Np7lObaDiBk,UiPRn27PENM,0,0,1604679847.0
Np7lObaDiBk,-EUbjOtRGaY,0,0,1604679847.0
Np7lObaDiBk,Z_6BNNxzNuI,0,0,1604679847.0
rzjGz20WUyM,RjQ4X4zpy-8,1,0,1604679861.0
rzjGz20WUyM,MqHm48qskRE,0,0,1604679861.0
rzjGz20WUyM,CWe9Vg6tCR4,0,0,1604679861.0
rzjGz20WUyM,pAbgc41pksE,0,0,1604679861.0
rzjGz20WUyM,pDPdRYF7hTQ,0,0,1604679861.0
rzjGz20WUyM,RKr-U1r1AlM,0,0,1604679861.0
rzjGz20WUyM,CwzjlmBLfrQ,0,0,1604679861.0
rzjGz20WUyM,eZsQvGBABFQ,0,0,1604679861.0
rzjGz20WUyM,CPYFiaL6cTE,0,0,1604679861.0
rzjGz20WUyM,Np7lObaDiBk,0,0,1604679861.0
rzjGz20WUyM,iHz82I8Vv88,0,0,1604679861.0
rzjGz20WUyM,dKjCWfuvYxQ,0,0,1604679861.0
rzjGz20WUyM,Z7x4ZS7ZZWc,0,0,1604679861.0
rzjGz20WUyM,mB2UTIkgY1I,0,0,1604679861.0
rzjGz20WUyM,YNgKK2wTvug,0,0,1604679861.0
rzjGz20WUyM,vlxmiFF85yU,0,0,1604679861.0
rzjGz20WUyM,MDOtD8gBaAo,0,0,1604679861.0
rzjGz20WUyM,MmrGeWxd87Y,0,0,1604679861.0
rzjGz20WUyM,RAjbDtyGsI4,0,0,1604679862.0
rzjGz20WUyM,8bafnjhcTzk,0,0,1604679862.0
,8TthRQIO5dk,1,1,1605283795.0
,scEgPdfi5vU,0,1,1605283795.0
,014npOA0t-s,0,1,1605283795.0
,CD1LR0EIFWg,0,1,1605283795.0
,0wusvsp9XfU,0,1,1605283795.0
,anvevtMDlbI,0,1,1605283795.0
,hnkpU27uTp0,0,1,1605283795.0
,Nke7uVphBw8,0,1,1605283795.0
,Nke7uVphBw8,0,1,1605283795.0
,T1ad3nY6AoY,0,1,1605283795.0
,7YcW25PHnAA,0,1,1605283795.0
,cGoGnjjfUAg,0,1,1605283795.0
,XEfDYMngJeE,0,1,1605283795.0
,6GH6GxSDw7g,0,1,1605283795.0
,6GH6GxSDw7g,0,1,1605283795.0
,mR-ssdMC7yM,0,1,1605283795.0
,mMpbrBOtK2Q,0,1,1605283795.0
,zLo_UKrGqDM,0,1,1605283795.0
,4lRZvefk9bE,0,1,1605283795.0
,PF2hUXYdZeI,0,1,1605283795.0
,cXvi2_0APR0,0,1,1605283795.0
,gqDl5N_5_iM,0,1,1605283795.0
,OZNgU1QOqQI,0,1,1605283795.0
,SJoXcGV1Yho,0,1,1605283795.0
,P74O5n9ealo,0,1,1605283795.0
,H90GFYTpFqE,0,1,1605283795.0
,ujEzSfdR2XY,0,1,1605283795.0
,LHBE6Q9XlzI,0,1,1605283795.0
,jlBg_rZMgsg,0,1,1605283795.0
8TthRQIO5dk,s759w1SEWNI,1,0,1605283806.0
8TthRQIO5dk,S-wmJ73t1Q4,0,0,1605283806.0
8TthRQIO5dk,ZzuPhDeW6Lc,0,0,1605283806.0
8TthRQIO5dk,SnqRry_l6qg,0,0,1605283807.0
8TthRQIO5dk,6CYQ3VWZjXU,0,0,1605283807.0
8TthRQIO5dk,q1so8nfkWP4,0,0,1605283807.0
8TthRQIO5dk,tSMepB8N1L0,0,0,1605283807.0
8TthRQIO5dk,L1SUXgyE0qk,0,0,1605283807.0
8TthRQIO5dk,SHZ1l8tUqcQ,0,0,1605283807.0
8TthRQIO5dk,3kLZLTtMYTQ,0,0,1605283807.0
8TthRQIO5dk,URmu3cziKRQ,0,0,1605283807.0
8TthRQIO5dk,3MSeBLPFiJ8,0,0,1605283807.0
8TthRQIO5dk,P74O5n9ealo,0,0,1605283807.0
8TthRQIO5dk,1IT0YflBOSg,0,0,1605283807.0
8TthRQIO5dk,ifNQRgn2Sb4,0,0,1605283807.0
8TthRQIO5dk,CZDFuBBq1wI,0,0,1605283807.0
8TthRQIO5dk,HwTfbtQ5t8A,0,0,1605283807.0
8TthRQIO5dk,S3aN219wmYo,0,0,1605283807.0
8TthRQIO5dk,tGnTiYWR7Xc,0,0,1605283807.0
8TthRQIO5dk,Mtt9kGLORTw,0,0,1605283807.0
,_LtaXFfu6vo,1,1,1605284337.1351864
,scEgPdfi5vU,0,1,1605284337.1439438
,DKv1wOQWuyE,0,1,1605284337.1533973
,cGoGnjjfUAg,0,1,1605284337.1643682
,ujEzSfdR2XY,0,1,1605284337.1733663
,SJoXcGV1Yho,0,1,1605284337.1813447
,0wusvsp9XfU,0,1,1605284337.1907077
,Nke7uVphBw8,0,1,1605284337.1986878
,Nke7uVphBw8,0,1,1605284337.2076695
,HPCl5R__vk4,0,1,1605284337.2165043
,fb3AQ0ELw6o,0,1,1605284337.2264113
,czXaSBlARfA,0,1,1605284337.2356431
,2OEL4P1Rz04,0,1,1605284337.2436595
,6GH6GxSDw7g,0,1,1605284337.2523012
,6GH6GxSDw7g,0,1,1605284337.2610245
,mR-ssdMC7yM,0,1,1605284337.2700317
,mMpbrBOtK2Q,0,1,1605284337.2780101
,zLo_UKrGqDM,0,1,1605284337.28599
,4lRZvefk9bE,0,1,1605284337.294795
,PF2hUXYdZeI,0,1,1605284337.3028169
,cXvi2_0APR0,0,1,1605284337.3127463
,EDA6_uMh838,0,1,1605284337.3207383
,YJC6ldI3hWk,0,1,1605284337.329704
,XHJyyZq0gRI,0,1,1605284337.3392773
,H90GFYTpFqE,0,1,1605284337.347261
,aBvHeIyX40g,0,1,1605284337.3556044
,OZNgU1QOqQI,0,1,1605284337.3643844
,d8WLXyX-jn4,0,1,1605284337.3726466
,IwjrsHfjcJ0,0,1,1605284337.380628
,QWedxGl_fWA,0,1,1605284337.3886166
_LtaXFfu6vo,s759w1SEWNI,1,0,1605284341.311635
_LtaXFfu6vo,S-wmJ73t1Q4,0,0,1605284341.361506
_LtaXFfu6vo,tGnTiYWR7Xc,0,0,1605284341.3965557
_LtaXFfu6vo,VzjOblVPGWg,0,0,1605284341.4284713
_LtaXFfu6vo,IwjrsHfjcJ0,0,0,1605284341.4633763
_LtaXFfu6vo,URmu3cziKRQ,0,0,1605284341.4924595
_LtaXFfu6vo,6CYQ3VWZjXU,0,0,1605284341.5213852
_LtaXFfu6vo,GtM_sIvRlDM,0,0,1605284341.5453203
_LtaXFfu6vo,Qn5NlbBuF9A,0,0,1605284341.5702562
_LtaXFfu6vo,CZDFuBBq1wI,0,0,1605284341.5981765
_LtaXFfu6vo,3MSeBLPFiJ8,0,0,1605284341.6310887
_LtaXFfu6vo,SkKTxWMswHg,0,0,1605284341.6620047
_LtaXFfu6vo,P74O5n9ealo,0,0,1605284341.6839476
_LtaXFfu6vo,8xVpYXlJWgc,0,0,1605284341.7138674
_LtaXFfu6vo,L1SUXgyE0qk,0,0,1605284341.7447836
_LtaXFfu6vo,iuhDxMsAt_0,0,0,1605284341.7667255
_LtaXFfu6vo,a0lFk3sYfew,0,0,1605284341.7986393
_LtaXFfu6vo,N2FHNo153XI,0,0,1605284341.8275626
_LtaXFfu6vo,MtyFwq08O90,0,0,1605284341.850501
_LtaXFfu6vo,ZNcaZvBgMSk,0,0,1605284341.879424
s759w1SEWNI,usc_yxpX7VE,1,0,1605284430.514398
s759w1SEWNI,IwjrsHfjcJ0,0,0,1605284430.5383728
s759w1SEWNI,iuiqZHgMxv4,0,0,1605284430.5672984
s759w1SEWNI,HlMkAuB8CZY,0,0,1605284430.602167
s759w1SEWNI,WURxCUQ9GKs,0,0,1605284430.6276731
s759w1SEWNI,tGnTiYWR7Xc,0,0,1605284430.6527355
s759w1SEWNI,pljk0fhMKjc,0,0,1605284430.6819208
s759w1SEWNI,S-wmJ73t1Q4,0,0,1605284430.7128236
s759w1SEWNI,CZDFuBBq1wI,0,0,1605284430.735857
s759w1SEWNI,6CYQ3VWZjXU,0,0,1605284430.7635002
s759w1SEWNI,MkLXPl9NXXU,0,0,1605284430.786468
s759w1SEWNI,FXtcIk0d3GQ,0,0,1605284430.8131206
s759w1SEWNI,xbyZZn-cLIc,0,0,1605284430.8350646
s759w1SEWNI,P74O5n9ealo,0,0,1605284430.8630471
s759w1SEWNI,iOVdzw7Ttb4,0,0,1605284430.8859262
s759w1SEWNI,L1SUXgyE0qk,0,0,1605284430.9178398
s759w1SEWNI,w2oWLzdutBI,0,0,1605284430.9397802
s759w1SEWNI,URmu3cziKRQ,0,0,1605284430.9657142
s759w1SEWNI,KgDLfpEMhms,0,0,1605284430.9896479
s759w1SEWNI,SHZ1l8tUqcQ,0,0,1605284431.0145833
usc_yxpX7VE,W_FrwNQySvs,1,0,1605284555.058414
usc_yxpX7VE,5a6Ia2b6urk,0,0,1605284555.0813558
usc_yxpX7VE,oEJNDKhQxdk,0,0,1605284555.1098185
usc_yxpX7VE,CZDFuBBq1wI,0,0,1605284555.1397645
usc_yxpX7VE,xbyZZn-cLIc,0,0,1605284555.1642475
usc_yxpX7VE,IwyOPiVDmL4,0,0,1605284555.1901526
usc_yxpX7VE,jYZQ6CVBvcY,0,0,1605284555.2200763
usc_yxpX7VE,PWuPxda3xJE,0,0,1605284555.2433612
usc_yxpX7VE,3kLZLTtMYTQ,0,0,1605284555.268392
usc_yxpX7VE,tGnTiYWR7Xc,0,0,1605284555.292338
usc_yxpX7VE,L1SUXgyE0qk,0,0,1605284555.3222482
usc_yxpX7VE,6CYQ3VWZjXU,0,0,1605284555.344573
usc_yxpX7VE,cSOhwIOARWg,0,0,1605284555.3705053
usc_yxpX7VE,1IT0YflBOSg,0,0,1605284555.3934426
usc_yxpX7VE,pWQ9omPK4mE,0,0,1605284555.4221165
usc_yxpX7VE,CuxK53Tju7w,0,0,1605284555.4460554
usc_yxpX7VE,79bRTv2krJA,0,0,1605284555.4714627
usc_yxpX7VE,_H8jXxS94Xo,0,0,1605284555.4953978
usc_yxpX7VE,URmu3cziKRQ,0,0,1605284555.5237858
usc_yxpX7VE,ca-No16DAp0,0,0,1605284555.5467231
,P74O5n9ealo,1,1,1605475735.0230892
,OzG__WmFHxc,0,1,1605475735.0324948
,Xwb2oAG-Tmc,0,1,1605475735.0424197
,vM4OoGqzeBc,0,1,1605475735.051396
,i4cNtK2R2Jk,0,1,1605475735.0601604
,JZXQPEXCjIk,0,1,1605475735.0703905
,wc2VGDnKF7E,0,1,1605475735.0790124
,kQTrKrrrbck,0,1,1605475735.0886366
,AkFLvKzFd9U,0,1,1605475735.0999267
,JDzHegX9dm8,0,1,1605475735.1079044
,p8hurVQxGhE,0,1,1605475735.1181803
,6sxC3Qs-ZRs,0,1,1605475735.1267579
,6sxC3Qs-ZRs,0,1,1605475735.1357381
,5SoWcAu5gBg,0,1,1605475735.1443832
,a0HifsA30-A,0,1,1605475735.1533322
,jLKaNXJG8o8,0,1,1605475735.1612608
,4M-CLUBTrfw,0,1,1605475735.1704865
,As-UaKW2tTs,0,1,1605475735.1784651
,7kDtkgT3Dcs,0,1,1605475735.1884654
,wBv1BrJ6usY,0,1,1605475735.1958976
,VpeYy_-gfIc,0,1,1605475735.2068677
,pKRzfdIJUZE,0,1,1605475735.2148464
,zH_omFPqMO4,0,1,1605475735.2227771
,pMYkY_5vYgw,0,1,1605475735.2327137
,3Jks5AFcTbk,0,1,1605475735.2407176
,gqDl5N_5_iM,0,1,1605475735.249694
,j72MYBAcYrY,0,1,1605475735.257234
,GaB9F3R9cIY,0,1,1605475735.2665517
,3leX_qT6GPI,0,1,1605475735.2745304
,xGoGBr1vE-4,0,1,1605475735.2822769
,4a9VxZjnT7E&t=29s,0,1,1605475735.290528
P74O5n9ealo,NNO3ardMcc0&t=10s,1,0,1605475739.201483
P74O5n9ealo,FXtcIk0d3GQ,0,0,1605475739.219201
P74O5n9ealo,vUWy_awZiN8,0,0,1605475739.2391486
P74O5n9ealo,3leX_qT6GPI,0,0,1605475739.2572265
P74O5n9ealo,ifNQRgn2Sb4,0,0,1605475739.2747724
P74O5n9ealo,6WOVWZh-ipU,0,0,1605475739.2937129
P74O5n9ealo,eAYOjmdyr_U,0,0,1605475739.3101826
P74O5n9ealo,RbGpUemSXAA,0,0,1605475739.32779
P74O5n9ealo,sS9IhKvdeW8,0,0,1605475739.3467479
P74O5n9ealo,wKXgbkKYKUY,0,0,1605475739.3636923
P74O5n9ealo,CZDFuBBq1wI,0,0,1605475739.3811612
P74O5n9ealo,RrT1TYgAB4Q,0,0,1605475739.398356
P74O5n9ealo,W_FrwNQySvs,0,0,1605475739.4143155
P74O5n9ealo,WSB0lJwcUKU,0,0,1605475739.4392455
P74O5n9ealo,URmu3cziKRQ,0,0,1605475739.4571977
P74O5n9ealo,bvqCqxGM11I,0,0,1605475739.4741535
P74O5n9ealo,WNq4a_rBUPI,0,0,1605475739.493101
P74O5n9ealo,OuvofyCrMZQ,0,0,1605475739.5120525
P74O5n9ealo,RgJKYbtvUXI,0,0,1605475739.5290058
P74O5n9ealo,aO83VDuHgdQ,0,0,1605475739.5479558
,dIqwz0VCv0E,1,1,1606348746.7677255
,bPAdYOuaBYo,0,1,1606348746.7856724
,Ios8HAfsjbE,0,1,1606348746.79565
,IAKgIJmOljA,0,1,1606348746.8265622
,iH-_LaGjcXo,0,1,1606348746.8405256
,3eEc2WxCUcY,0,1,1606348746.8544886
,DUeeHNlmRBU,0,1,1606348746.8854153
,HgEGAaYdABA,0,1,1606348746.902362
,ym8hdIMCIbQ,0,1,1606348746.9332821
,ym8hdIMCIbQ,0,1,1606348746.9781578
,PwT3JGbBfQs,0,1,1606348746.988039
,VuJiRU9FUHs,0,1,1606348747.0715551
,qn4BKWLCfwY,0,1,1606348747.106032
,mSoLYc2LQCU,0,1,1606348747.12897
,LlrQitJxMJk,0,1,1606348747.1579025
,Z9gdxPwdEzk,0,1,1606348747.16687
,AVJsVrv6nHA,0,1,1606348747.1796813
,HuLK6UApzlU,0,1,1606348747.2016225
,qyfbzUqbib0,0,1,1606348747.2285504
,RsrwTAsyjzU,0,1,1606348747.239521
dIqwz0VCv0E,RbGpUemSXAA&t=17s,1,0,1606348751.4903035
dIqwz0VCv0E,FXtcIk0d3GQ,0,0,1606348751.5092504
dIqwz0VCv0E,EINRNjCYTXY,0,0,1606348751.5454502
dIqwz0VCv0E,Y1NaA4AevUc,0,0,1606348751.565401
dIqwz0VCv0E,PLcE5xa4MnI,0,0,1606348751.5993123
dIqwz0VCv0E,ArgQy3CUmaw,0,0,1606348751.623295
dIqwz0VCv0E,CZDFuBBq1wI,0,0,1606348751.643727
dIqwz0VCv0E,fP01rFw6Hlk,0,0,1606348751.6806302
dIqwz0VCv0E,5WcojLyyuzo,0,0,1606348751.6997015
dIqwz0VCv0E,a7U_sXC7gKI,0,0,1606348751.7216253
dIqwz0VCv0E,42qW3vY2hPA,0,0,1606348751.7515454
dIqwz0VCv0E,9Z8KRZYy2Pw,0,0,1606348751.7714913
dIqwz0VCv0E,KxsTddOh61g,0,0,1606348751.7894435
dIqwz0VCv0E,kX9f_yBYgAo,0,0,1606348751.807701
dIqwz0VCv0E,2-RC3OBn_AY,0,0,1606348751.8282235
dIqwz0VCv0E,xbyZZn-cLIc,0,0,1606348751.8463507
dIqwz0VCv0E,DWax16p5Ycs,0,0,1606348751.8752728
dIqwz0VCv0E,xS7xZt8uzNc,0,0,1606348751.8972142
dIqwz0VCv0E,_2x5Oj1DGos,0,0,1606348751.924607
dIqwz0VCv0E,1cjT8d50qBk,0,0,1606348751.9475584
,hWTD8J_k3LY,1,1,1606348940.475934
,RsrwTAsyjzU,0,1,1606348940.4897199
,SBoiJvwaK5s,0,1,1606348940.499693
,iH-_LaGjcXo,0,1,1606348940.5146532
,3eEc2WxCUcY,0,1,1606348940.5425775
,6C5FAg10VsU,0,1,1606348940.5625243
,y9kRlWVmWdg,0,1,1606348940.5914478
,HuLK6UApzlU,0,1,1606348940.611396
,ym8hdIMCIbQ,0,1,1606348940.6373262
,ym8hdIMCIbQ,0,1,1606348940.6552768
,PwT3JGbBfQs,0,1,1606348940.7874382
,VuJiRU9FUHs,0,1,1606348940.809379
,qn4BKWLCfwY,0,1,1606348940.8243377
,mSoLYc2LQCU,0,1,1606348940.8522651
,LlrQitJxMJk,0,1,1606348940.8682218
,Z9gdxPwdEzk,0,1,1606348940.9001374
,AVJsVrv6nHA,0,1,1606348940.912103
,eyF6VqdiOa8,0,1,1606348940.9430203
,IAKgIJmOljA,0,1,1606348940.9559865
,HgEGAaYdABA,0,1,1606348940.980513
hWTD8J_k3LY,79bRTv2krJA,1,0,1606348945.0465827
hWTD8J_k3LY,Q3EcAK57h5s,0,0,1606348945.0635376
hWTD8J_k3LY,2mSr6GgQV2Y,0,0,1606348945.0794966
hWTD8J_k3LY,ifNQRgn2Sb4,0,0,1606348945.1004388
hWTD8J_k3LY,bPAdYOuaBYo,0,0,1606348945.1193871
hWTD8J_k3LY,ALexpVRehE8,0,0,1606348945.136723
hWTD8J_k3LY,P8b9dnmevmM,0,0,1606348945.1546752
hWTD8J_k3LY,eKvKD0duhEE,0,0,1606348945.171193
hWTD8J_k3LY,COJ-HRMHMLU,0,0,1606348945.1881733
hWTD8J_k3LY,xChV6fumt30,0,0,1606348945.2051015
hWTD8J_k3LY,YVtTs6waL2Q,0,0,1606348945.2220566
hWTD8J_k3LY,fP01rFw6Hlk,0,0,1606348945.2400522
hWTD8J_k3LY,aO83VDuHgdQ,0,0,1606348945.258005
hWTD8J_k3LY,gj93LACo8TU,0,0,1606348945.2745667
hWTD8J_k3LY,6PH5iIUos8M,0,0,1606348945.2907252
hWTD8J_k3LY,HuLK6UApzlU,0,0,1606348945.3465788
hWTD8J_k3LY,Zhw-tGVaOi4,0,0,1606348945.39744
hWTD8J_k3LY,dxp4WCkGJrA,0,0,1606348945.4219189
hWTD8J_k3LY,26_8j9fBILQ,0,0,1606348945.4398708
hWTD8J_k3LY,CZDFuBBq1wI,0,0,1606348945.4608169
,YVtTs6waL2Q,1,1,1606351800.288422
,xpe30BQBjgo,0,1,1606351800.3043811
,IAKgIJmOljA,0,1,1606351800.336294
,vbmB3_mG2g8,0,1,1606351800.3542454
,ngyVRfuWMQ8,0,1,1606351800.458164
,6CKO9jcx8YA,0,1,1606351800.4731252
,1soFgsIdQR0,0,1,1606351800.4860892
,uu3NvVpCjw0,0,1,1606351800.5010488
,ym8hdIMCIbQ,0,1,1606351800.5199988
,ym8hdIMCIbQ,0,1,1606351800.5309691
,PwT3JGbBfQs,0,1,1606351800.551913
,VuJiRU9FUHs,0,1,1606351800.578844
,qn4BKWLCfwY,0,1,1606351800.604772
,mSoLYc2LQCU,0,1,1606351800.6217265
,LlrQitJxMJk,0,1,1606351800.6376836
,Z9gdxPwdEzk,0,1,1606351800.6646125
,AVJsVrv6nHA,0,1,1606351800.6735902
,35rVpfhHKYs,0,1,1606351800.6892176
,gfQG9e-SyLM,0,1,1606351800.7021859
,UMKxwWuYbb0,0,1,1606351800.7201374
YVtTs6waL2Q,fP01rFw6Hlk,1,0,1606351804.7184107
YVtTs6waL2Q,CwzjlmBLfrQ,0,0,1606351804.7388678
YVtTs6waL2Q,dSHiH4S0TTs,0,0,1606351804.7568202
YVtTs6waL2Q,njCVxlPfudA,0,0,1606351804.7750413
YVtTs6waL2Q,RbGpUemSXAA,0,0,1606351804.7919304
YVtTs6waL2Q,MwfY552THjo,0,0,1606351804.8109162
YVtTs6waL2Q,WSB0lJwcUKU,0,0,1606351804.831824
YVtTs6waL2Q,6PH5iIUos8M,0,0,1606351804.848778
YVtTs6waL2Q,t2zcBvbhXX4,0,0,1606351804.8667636
YVtTs6waL2Q,WCFKWgu4u1g,0,0,1606351804.885679
YVtTs6waL2Q,mRyuAt2e-dg,0,0,1606351804.9026337
YVtTs6waL2Q,ARPct79rIRo,0,0,1606351804.9185915
YVtTs6waL2Q,P0lzqyT9fb4,0,0,1606351804.935547
YVtTs6waL2Q,xS7xZt8uzNc,0,0,1606351804.951505
YVtTs6waL2Q,5WcojLyyuzo,0,0,1606351804.967461
YVtTs6waL2Q,cSOhwIOARWg,0,0,1606351804.9834187
YVtTs6waL2Q,Puif5krbeoY,0,0,1606351805.0003736
YVtTs6waL2Q,rkIlWuj1d0M,0,0,1606351805.0153337
YVtTs6waL2Q,xaKhGteb2Sg,0,0,1606351805.0312905
YVtTs6waL2Q,sPPl011PJeg,0,0,1606351805.0472512
fP01rFw6Hlk,RgeDF9_gQCM,1,0,1606351929.0426974
fP01rFw6Hlk,ZLwCl3-3yJY,0,0,1606351929.062642
fP01rFw6Hlk,rABFavg8FD4,0,0,1606351929.0815964
fP01rFw6Hlk,5a6Ia2b6urk,0,0,1606351929.10553
fP01rFw6Hlk,UjtijSi6dGY,0,0,1606351929.125476
fP01rFw6Hlk,7TXEZ4tP06c,0,0,1606351929.1454222
fP01rFw6Hlk,QuTBf0bkKI8,0,0,1606351929.1624017
fP01rFw6Hlk,oyUx2-yTOLA,0,0,1606351929.18033
fP01rFw6Hlk,oEJNDKhQxdk,0,0,1606351929.205264
fP01rFw6Hlk,V_C6LlNqVOE,0,0,1606351929.2262077
fP01rFw6Hlk,9vJRopau0g0,0,0,1606351929.2471488
fP01rFw6Hlk,eAYOjmdyr_U,0,0,1606351929.2661004
fP01rFw6Hlk,zLncu9fuho8,0,0,1606351929.2940238
fP01rFw6Hlk,xeHHjGKwZWM,0,0,1606351929.3179693
fP01rFw6Hlk,JZkgeZ_rLQQ,0,0,1606351929.3548632
fP01rFw6Hlk,VNGFep6rncY,0,0,1606351929.3917668
fP01rFw6Hlk,2jQmYCtBYwM,0,0,1606351929.4206882
fP01rFw6Hlk,ahd2bbGoGTs,0,0,1606351929.4451828
fP01rFw6Hlk,TK6fzk4zt2w,0,0,1606351929.4691172
fP01rFw6Hlk,IrauF74kGv0,0,0,1606351929.4890635
RgeDF9_gQCM,5a6Ia2b6urk,1,0,1606352053.7460158
RgeDF9_gQCM,d0yGdNEWdn0,0,0,1606352053.7640018
RgeDF9_gQCM,2jQmYCtBYwM,0,0,1606352053.780923
RgeDF9_gQCM,eAYOjmdyr_U,0,0,1606352053.7988744
RgeDF9_gQCM,bOuEJf8Dr_4,0,0,1606352053.81583
RgeDF9_gQCM,zLncu9fuho8,0,0,1606352053.832801
RgeDF9_gQCM,oEJNDKhQxdk,0,0,1606352053.8510778
RgeDF9_gQCM,2DJnYn2eyOg,0,0,1606352053.8680353
RgeDF9_gQCM,JZkgeZ_rLQQ,0,0,1606352053.886984
RgeDF9_gQCM,oyUx2-yTOLA,0,0,1606352053.9029412
RgeDF9_gQCM,UjtijSi6dGY,0,0,1606352053.9198964
RgeDF9_gQCM,RgeDF9_gQCM,0,0,1606352053.9380705
RgeDF9_gQCM,Iwpi1Lm6dFo,0,0,1606352053.9570453
RgeDF9_gQCM,xeHHjGKwZWM,0,0,1606352053.973974
RgeDF9_gQCM,oI6Oi9EZuNI,0,0,1606352053.990481
RgeDF9_gQCM,IrauF74kGv0,0,0,1606352054.0106804
RgeDF9_gQCM,JsC9ZHi79jo,0,0,1606352054.0269418
RgeDF9_gQCM,H6n3iNh4XLI,0,0,1606352054.0436192
RgeDF9_gQCM,ZLwCl3-3yJY,0,0,1606352054.0595777
RgeDF9_gQCM,e8pTSqeJluQ,0,0,1606352054.0765316
,c_q1Z_8Znk0,1,1,1606352416.383616
,C_JGWzIXSzw,0,1,1606352416.395584
,IAKgIJmOljA,0,1,1606352416.4205165
,Q3EcAK57h5s&t=73s,0,1,1606352416.4494395
,vnONnp0kUyU,0,1,1606352416.4773798
,ngyVRfuWMQ8,0,1,1606352416.4883356
,cGGlnHe3Rgc,0,1,1606352416.499306
,nKM6HSTyflc,0,1,1606352416.527237
,ym8hdIMCIbQ,0,1,1606352416.5521646
,ym8hdIMCIbQ,0,1,1606352416.6638658
,PwT3JGbBfQs,0,1,1606352416.6808207
,VuJiRU9FUHs,0,1,1606352416.689797
,qn4BKWLCfwY,0,1,1606352416.7097442
,mSoLYc2LQCU,0,1,1606352416.727704
,LlrQitJxMJk,0,1,1606352416.7376685
,Z9gdxPwdEzk,0,1,1606352416.7606127
,AVJsVrv6nHA,0,1,1606352416.7835462
,khns7aoelyw,0,1,1606352416.7965162
,IChJ6eO3k48,0,1,1606352416.833413
,P8b9dnmevmM&t=2s,0,1,1606352416.8453822
c_q1Z_8Znk0,Y1NaA4AevUc,1,0,1606352420.8377264
c_q1Z_8Znk0,RK4xcj0FZlY,0,0,1606352420.8556788
c_q1Z_8Znk0,EINRNjCYTXY,0,0,1606352420.8736317
c_q1Z_8Znk0,sNwh3yF7FCQ,0,0,1606352420.8935792
c_q1Z_8Znk0,_ZXmuxFD2pc,0,0,1606352420.9125273
c_q1Z_8Znk0,MoGuH3JbMPw,0,0,1606352420.9307096
c_q1Z_8Znk0,FXtcIk0d3GQ,0,0,1606352420.9496586
c_q1Z_8Znk0,CZDFuBBq1wI,0,0,1606352420.9676104
c_q1Z_8Znk0,7Fuf7yG4U5I,0,0,1606352420.9875572
c_q1Z_8Znk0,q1ZUP2TlFGE,0,0,1606352421.004513
c_q1Z_8Znk0,-5iMww4HH2Q,0,0,1606352421.0234618
c_q1Z_8Znk0,Wa901cyXFJ0,0,0,1606352421.03999
c_q1Z_8Znk0,xS7xZt8uzNc,0,0,1606352421.05598
c_q1Z_8Znk0,e8pTSqeJluQ,0,0,1606352421.0719278
c_q1Z_8Znk0,FCSaXPYJ1zk,0,0,1606352421.0904992
c_q1Z_8Znk0,UUOf5ol7tMk,0,0,1606352421.1057706
c_q1Z_8Znk0,ClBzGZhtEHo,0,0,1606352421.1241546
c_q1Z_8Znk0,Sny6vUUuvyc,0,0,1606352421.1405034
c_q1Z_8Znk0,mp_cxjWIxIE,0,0,1606352421.1565464
c_q1Z_8Znk0,DzJK5hOGTLc,0,0,1606352421.1734145
,LNwYjeFjgyc,1,1,1606352485.5729606
,Vap8p3Bw-j4,0,1,1606352485.5839303
,ngyVRfuWMQ8,0,1,1606352485.5959225
,5CyeaatEUr0&t=2s,0,1,1606352485.6098616
,l5e33WdfQag,0,1,1606352485.636791
,nKM6HSTyflc,0,1,1606352485.6647134
,tpceWoxtbAo,0,1,1606352485.695631
,P8b9dnmevmM&t=2s,0,1,1606352485.794368
,ym8hdIMCIbQ,0,1,1606352485.808329
,ym8hdIMCIbQ,0,1,1606352485.8252857
,PwT3JGbBfQs,0,1,1606352485.8591988
,VuJiRU9FUHs,0,1,1606352485.8771448
,qn4BKWLCfwY,0,1,1606352485.8911095
,mSoLYc2LQCU,0,1,1606352485.908063
,LlrQitJxMJk,0,1,1606352485.9200368
,Z9gdxPwdEzk,0,1,1606352485.9449646
,AVJsVrv6nHA,0,1,1606352485.9698982
,1soFgsIdQR0,0,1,1606352485.9868531
,uu3NvVpCjw0,0,1,1606352486.0034516
,UQ962gPsX_U,0,1,1606352486.01841
LNwYjeFjgyc,sf2pxn1cvro,1,0,1606352489.983707
LNwYjeFjgyc,ApcSHVTr8UE,0,0,1606352490.0013967
LNwYjeFjgyc,FXtcIk0d3GQ,0,0,1606352490.017308
LNwYjeFjgyc,dSHiH4S0TTs,0,0,1606352490.0352616
LNwYjeFjgyc,uWMtBjvGigw,0,0,1606352490.0500982
LNwYjeFjgyc,a7U_sXC7gKI,0,0,1606352490.0670528
LNwYjeFjgyc,CZDFuBBq1wI,0,0,1606352490.0819905
LNwYjeFjgyc,sKHO1AwGpuY,0,0,1606352490.100811
LNwYjeFjgyc,MoGuH3JbMPw,0,0,1606352490.1177664
LNwYjeFjgyc,o4z5Q3pqzNI,0,0,1606352490.133724
LNwYjeFjgyc,COJ-HRMHMLU,0,0,1606352490.1501975
LNwYjeFjgyc,bPAdYOuaBYo,0,0,1606352490.1655765
LNwYjeFjgyc,ZNITGMHpdPw,0,0,1606352490.182532
LNwYjeFjgyc,wKXgbkKYKUY,0,0,1606352490.1980789
LNwYjeFjgyc,_E7bXxWRuYo,0,0,1606352490.2149503
LNwYjeFjgyc,DVji53tNDr0,0,0,1606352490.231818
LNwYjeFjgyc,KxsTddOh61g,0,0,1606352490.2489817
LNwYjeFjgyc,sIO6GBZfCtw,0,0,1606352490.2645466
LNwYjeFjgyc,SPoQKiZSRnI,0,0,1606352490.2816827
LNwYjeFjgyc,-5iMww4HH2Q,0,0,1606352490.3006344
,WZkR6LTDmdU,1,1,1606352718.269199
,zLncu9fuho8,0,1,1606352718.325786
,IAKgIJmOljA,0,1,1606352718.36169
,YVtTs6waL2Q&t=123s,0,1,1606352718.4684646
,ToU3D7IJjRA,0,1,1606352718.4894087
,khns7aoelyw,0,1,1606352718.5283346
,nKM6HSTyflc,0,1,1606352718.553268
,aUWBWCpisPw,0,1,1606352718.5811927
,ym8hdIMCIbQ,0,1,1606352718.604151
,ym8hdIMCIbQ,0,1,1606352718.6131067
,PwT3JGbBfQs,0,1,1606352718.6300948
,VuJiRU9FUHs,0,1,1606352718.644025
,B8yLbjl-nh4,0,1,1606352718.6579864
,mSoLYc2LQCU,0,1,1606352718.6749415
,LlrQitJxMJk,0,1,1606352718.6869094
,Z9gdxPwdEzk,0,1,1606352718.6998758
,qn4BKWLCfwY,0,1,1606352718.7188258
,bPAdYOuaBYo,0,1,1606352718.740767
,cGGlnHe3Rgc,0,1,1606352718.8434973
,SxRl9PlNrwU,0,1,1606352718.8694265
WZkR6LTDmdU,sf2pxn1cvro,1,0,1606352722.9037964
WZkR6LTDmdU,SPoQKiZSRnI,0,0,1606352722.9217484
WZkR6LTDmdU,uWMtBjvGigw,0,0,1606352722.9387023
WZkR6LTDmdU,wKXgbkKYKUY,0,0,1606352722.9557161
WZkR6LTDmdU,FXtcIk0d3GQ,0,0,1606352722.9723382
WZkR6LTDmdU,jiqT64UgDvI,0,0,1606352722.9887617
WZkR6LTDmdU,CZDFuBBq1wI,0,0,1606352723.0057414
WZkR6LTDmdU,oyUx2-yTOLA,0,0,1606352723.0207052
WZkR6LTDmdU,xS7xZt8uzNc,0,0,1606352723.0376582
WZkR6LTDmdU,-5iMww4HH2Q,0,0,1606352723.054116
WZkR6LTDmdU,0NDcfo-5iDw,0,0,1606352723.069641
WZkR6LTDmdU,F69umkDhhZo,0,0,1606352723.0854523
WZkR6LTDmdU,SxRl9PlNrwU,0,0,1606352723.101136
WZkR6LTDmdU,sKHO1AwGpuY,0,0,1606352723.1161041
WZkR6LTDmdU,qOb5aqarEsg,0,0,1606352723.1320655
WZkR6LTDmdU,26_8j9fBILQ,0,0,1606352723.1479955
WZkR6LTDmdU,bPAdYOuaBYo,0,0,1606352723.1646807
WZkR6LTDmdU,iKh-8sQ68bY,0,0,1606352723.1826367
WZkR6LTDmdU,5WcojLyyuzo,0,0,1606352723.198526
WZkR6LTDmdU,mzxSwoaOTfI,0,0,1606352723.2164793
,3L_lWTJOs0g,1,1,1606405975.122336
,_aieN7DD1tc,0,1,1606405975.1381836
,uGuBJYKP1PU,0,1,1606405975.1840591
,_2SfKLxFGVM,0,1,1606405975.1950295
,MhcdVvmhhfQ,0,1,1606405975.216971
,VCnrGA0xXVo,0,1,1606405975.2379148
,gYpnL7ya80M,0,1,1606405975.2538714
,AG_4KIwRJfc,0,1,1606405975.2668865
,vBW_NbNOsWo,0,1,1606405975.2778084
,vBW_NbNOsWo,0,1,1606405975.2917721
,dDkHMkjZgPE,0,1,1606405975.3107224
,WMHYrTmEXBI,0,1,1606405975.3356564
,Fqi7Spy1dhQ,0,1,1606405975.3616192
,f6URZMGJV-Y,0,1,1606405975.3705595
,PjEGkXm-4fA,0,1,1606405975.3885114
,6vIiK4qyxDw,0,1,1606405975.4164412
,dpZRXA9Eb2s,0,1,1606405975.428408
,afOrfMbgULM,0,1,1606405975.4573283
,zH_omFPqMO4,0,1,1606405975.4673007
,uu3NvVpCjw0,0,1,1606405975.4767463
,gYpnL7ya80M,1,1,1606406055.6423497
,E4oPlp4fzQk,0,1,1606406055.6703596
,qMgjmzxiTQ8,0,1,1606406055.7691607
,gk9IpkCLaM0,0,1,1606406055.7861161
,hHwZptsCNZY&t=7s,0,1,1606406055.802076
,QjAf6n9vGWc,0,1,1606406055.8180325
,rXrleUi2jL8,0,1,1606406055.8419673
,2lKF-qYWq5k,0,1,1606406055.8609157
,vBW_NbNOsWo,0,1,1606406055.8758752
,vBW_NbNOsWo,0,1,1606406055.8988147
,dDkHMkjZgPE,0,1,1606406055.9097848
,WMHYrTmEXBI,0,1,1606406055.9247453
,Fqi7Spy1dhQ,0,1,1606406055.95666
,f6URZMGJV-Y,0,1,1606406055.969585
,PjEGkXm-4fA,0,1,1606406055.9815543
,6vIiK4qyxDw,0,1,1606406056.0566993
,dpZRXA9Eb2s,0,1,1606406056.069665
,d0qnqo38zx8,0,1,1606406056.1015794
,F0TGeGSjCCw,0,1,1606406056.1155422
,uu3NvVpCjw0,0,1,1606406056.1295056
gYpnL7ya80M,cDH4Vf8qCAQ,1,0,1606406063.1122484
gYpnL7ya80M,EJjX5KZW4yA,0,0,1606406063.1312003
gYpnL7ya80M,LTAavgNeDiE,0,0,1606406063.1481555
gYpnL7ya80M,RG9TMn1FJzc,0,0,1606406063.1651094
gYpnL7ya80M,DaFmj7PHGhI,0,0,1606406063.1824937
gYpnL7ya80M,IRe6K6F-j-c,0,0,1606406063.1987684
gYpnL7ya80M,ccqSVv7NPQw,0,0,1606406063.216724
gYpnL7ya80M,cOnWZMYFESk,0,0,1606406063.232724
gYpnL7ya80M,Bz5JoFHrs1Q,0,0,1606406063.2499325
gYpnL7ya80M,SGG8nZnnK-8,0,0,1606406063.2664132
gYpnL7ya80M,V_L5T5MzyIE,0,0,1606406063.2823706
gYpnL7ya80M,TjtGvPRze3U,0,0,1606406063.2993248
gYpnL7ya80M,E0jf6iLLxIk,0,0,1606406063.3162181
gYpnL7ya80M,0uBtEYR--Hk,0,0,1606406063.3319643
gYpnL7ya80M,Ae-qFyJjVl8,0,0,1606406063.3489184
gYpnL7ya80M,O9ZoX9eq0W4,0,0,1606406063.366224
gYpnL7ya80M,7X_5yQ9wC2o,0,0,1606406063.3821805
gYpnL7ya80M,rjYy9I1_R_g,0,0,1606406063.399373
gYpnL7ya80M,7Nd9Tf0pl7c,0,0,1606406063.4155405
gYpnL7ya80M,2_cdNdHwPgU,0,0,1606406063.432898
cDH4Vf8qCAQ,O6OahpUHPR4,1,0,1606406130.3611596
cDH4Vf8qCAQ,cDH4Vf8qCAQ,0,0,1606406130.380828
cDH4Vf8qCAQ,e61NOX9-2WI,0,0,1606406130.3995066
cDH4Vf8qCAQ,j07S4qvB4UI,0,0,1606406130.4174588
cDH4Vf8qCAQ,UjOEznOPd5c,0,0,1606406130.4348207
cDH4Vf8qCAQ,G6dE-CoQKhY,0,0,1606406130.457499
cDH4Vf8qCAQ,Qz-Rfh_FXws,0,0,1606406130.4754293
cDH4Vf8qCAQ,aBJmveJTtqY,0,0,1606406130.494379
cDH4Vf8qCAQ,FAvkeA1Z-c0,0,0,1606406130.512331
cDH4Vf8qCAQ,Sny6vUUuvyc,0,0,1606406130.531399
cDH4Vf8qCAQ,xumfir54xb4,0,0,1606406130.5493493
cDH4Vf8qCAQ,Cj_yiEnBq4U,0,0,1606406130.567304
cDH4Vf8qCAQ,jXA1cyRlmrQ,0,0,1606406130.5863173
cDH4Vf8qCAQ,jUEthSe7_Xk,0,0,1606406130.6062305
cDH4Vf8qCAQ,6gnlgdBobRA,0,0,1606406130.6229835
cDH4Vf8qCAQ,hVE7CqPkkIY,0,0,1606406130.6406302
cDH4Vf8qCAQ,4LcXeC4-RV0,0,0,1606406130.6564486
cDH4Vf8qCAQ,75HgyqMQUvw,0,0,1606406130.6745462
cDH4Vf8qCAQ,SlTlg1hidNc,0,0,1606406130.6903737
cDH4Vf8qCAQ,ohNfjWOZSis,0,0,1606406130.7071877
,A1QvrPULyVE,1,1,1606406599.211276
,rXrleUi2jL8,0,1,1606406599.223247
,F0TGeGSjCCw,0,1,1606406599.2780974
,XDsQ6fVU4tQ,0,1,1606406599.316994
,QjAf6n9vGWc,0,1,1606406599.3339503
,hHwZptsCNZY&t=7s,0,1,1606406599.354893
,bBOCE9o5E8U,0,1,1606406599.3778307
,20zDV9MNE0s,0,1,1606406599.3934033
,vBW_NbNOsWo,0,1,1606406599.4026754
,vBW_NbNOsWo,0,1,1606406599.4326231
,dDkHMkjZgPE,0,1,1606406599.4615135
,WMHYrTmEXBI,0,1,1606406599.4834545
,Fqi7Spy1dhQ,0,1,1606406599.5755544
,gjnvrUanhWM,0,1,1606406599.5935044
,PjEGkXm-4fA,0,1,1606406599.6114583
,6vIiK4qyxDw,0,1,1606406599.6454003
,dpZRXA9Eb2s,0,1,1606406599.6593285
,OlBvSsbhzAA,0,1,1606406599.6753235
,uu3NvVpCjw0,0,1,1606406599.6882522
,29tRmmew1wk,0,1,1606406599.7052062
A1QvrPULyVE,eN19rPlOk68,1,0,1606406606.6838577
A1QvrPULyVE,vnvI6V-TtLs,0,0,1606406606.702709
A1QvrPULyVE,jXA1cyRlmrQ,0,0,1606406606.719744
A1QvrPULyVE,AG_4KIwRJfc,0,0,1606406606.7406535
A1QvrPULyVE,0Jb6NixZKaY,0,0,1606406606.7575378
A1QvrPULyVE,009oyrd1OqM,0,0,1606406606.7755718
A1QvrPULyVE,EJjX5KZW4yA,0,0,1606406606.793468
A1QvrPULyVE,7Nd9Tf0pl7c,0,0,1606406606.8118498
A1QvrPULyVE,LTAavgNeDiE,0,0,1606406606.8293536
A1QvrPULyVE,lLEyil-4JAc,0,0,1606406606.8457196
A1QvrPULyVE,TjtGvPRze3U,0,0,1606406606.8636734
A1QvrPULyVE,6PH5iIUos8M,0,0,1606406606.881275
A1QvrPULyVE,YmOO9Qa9nCo,0,0,1606406606.8983219
A1QvrPULyVE,mzxSwoaOTfI,0,0,1606406606.9174209
A1QvrPULyVE,jlzLEXO90A4,0,0,1606406606.9364054
A1QvrPULyVE,ENc9DYFdJNw,0,0,1606406606.9533255
A1QvrPULyVE,DaFmj7PHGhI,0,0,1606406606.971249
A1QvrPULyVE,3sgQdgMTGxk,0,0,1606406606.9882808
A1QvrPULyVE,VbgC6rhy28g,0,0,1606406607.006235
A1QvrPULyVE,W_yHaqXoQ38,0,0,1606406607.023215
eN19rPlOk68,QA5jIuwb2lA,1,0,1606406673.874958
eN19rPlOk68,M2MYAYPPzMQ,0,0,1606406673.8929117
eN19rPlOk68,LR7BJmxCuSQ,0,0,1606406673.9116795
eN19rPlOk68,f9eHVSMk2Q4,0,0,1606406673.9285645
eN19rPlOk68,0IQ5jJZ8p2g,0,0,1606406673.945313
eN19rPlOk68,VxH0XRFz4v0,0,0,1606406673.962133
eN19rPlOk68,kpxjl7-GZeA,0,0,1606406673.9799345
eN19rPlOk68,6wSieVk7v8Y,0,0,1606406673.99789
eN19rPlOk68,3zF_VY6uGFw,0,0,1606406674.0207858
eN19rPlOk68,Kj_-iJEVC_c,0,0,1606406674.0389547
eN19rPlOk68,3nyqoDXzagY,0,0,1606406674.055794
eN19rPlOk68,mWhGt8mKyPM,0,0,1606406674.0749137
eN19rPlOk68,U1pWGqYyu5Q,0,0,1606406674.0922039
eN19rPlOk68,Up5gC5ZdSHA,0,0,1606406674.111152
eN19rPlOk68,Dn9Y1H6hnG4,0,0,1606406674.1340904
eN19rPlOk68,EYX5EANOLno,0,0,1606406674.1503983
eN19rPlOk68,d1dRrqxV5lk,0,0,1606406674.1663547
eN19rPlOk68,ibNMQKGnPAU,0,0,1606406674.1822686
eN19rPlOk68,ovLdQAuzPXk,0,0,1606406674.1991525
eN19rPlOk68,Oxz1q2jMGII,0,0,1606406674.2151098
,QjAf6n9vGWc,1,1,1606407706.3916004
,bBOCE9o5E8U,0,1,1606407706.4065623
,pOCzulKf-As,0,1,1606407706.460417
,CSOQ_KizIP8,0,1,1606407706.4803653
,UQ962gPsX_U,0,1,1606407706.5828156
,OlBvSsbhzAA,0,1,1606407706.6286926
,uu3NvVpCjw0,0,1,1606407706.6536603
,VUaOz4Y_U4I,0,1,1606407706.6685865
,vBW_NbNOsWo,0,1,1606407706.686572
,vBW_NbNOsWo,0,1,1606407706.7174547
,dDkHMkjZgPE,0,1,1606407706.7533617
,WMHYrTmEXBI,0,1,1606407706.7782993
,Fqi7Spy1dhQ,0,1,1606407706.7932553
,gjnvrUanhWM,0,1,1606407706.8071356
,PjEGkXm-4fA,0,1,1606407706.833069
,6vIiK4qyxDw,0,1,1606407706.843044
,dpZRXA9Eb2s,0,1,1606407706.9243257
,uCnxeC0HNcY,0,1,1606407706.9472628
,B-dp4Byx2HA,0,1,1606407706.9622235
,3Gyfzy0vL-k,0,1,1606407706.9841628
QjAf6n9vGWc,rABFavg8FD4,1,0,1606407713.9301631
QjAf6n9vGWc,PJNp5UKRtbQ,0,0,1606407713.9481163
QjAf6n9vGWc,EJjX5KZW4yA,0,0,1606407713.9652138
QjAf6n9vGWc,lwxLQnE4DHE,0,0,1606407713.9837775
QjAf6n9vGWc,J1LSwJ_0Mz0,0,0,1606407714.0011032
QjAf6n9vGWc,wmoxE1sJc1c,0,0,1606407714.018058
QjAf6n9vGWc,iCRzkBv1_Xo,0,0,1606407714.0360086
QjAf6n9vGWc,o4z5Q3pqzNI,0,0,1606407714.0549612
QjAf6n9vGWc,SaHk_9HSkOE,0,0,1606407714.070918
QjAf6n9vGWc,cDH4Vf8qCAQ,0,0,1606407714.086874
QjAf6n9vGWc,WkupWX2RQc0,0,0,1606407714.1028302
QjAf6n9vGWc,gj93LACo8TU,0,0,1606407714.1187887
QjAf6n9vGWc,mzxSwoaOTfI,0,0,1606407714.13478
QjAf6n9vGWc,xumfir54xb4,0,0,1606407714.150704
QjAf6n9vGWc,4V7YSPQk-J0,0,0,1606407714.165685
QjAf6n9vGWc,29OYrFOYkTg,0,0,1606407714.1816213
QjAf6n9vGWc,r5ZUpCAgLHA,0,0,1606407714.1975777
QjAf6n9vGWc,cN0CBnpAvqI,0,0,1606407714.2135355
QjAf6n9vGWc,SxRl9PlNrwU,0,0,1606407714.2304904
QjAf6n9vGWc,7X_5yQ9wC2o,0,0,1606407714.2474453
,4cfEPAv14hc,1,1,1606407987.5953865
,FBfWIxE39_I,0,1,1606407987.6143372
,NnAgZzF-SkQ,0,1,1606407987.6462498
,MtyFwq08O90,0,1,1606407987.657226
,u21W_tfPVrY,0,1,1606407987.668963
,fmqhCixt3v8,0,1,1606407987.679605
,3Gyfzy0vL-k,0,1,1606407987.7129405
,VUaOz4Y_U4I,0,1,1606407987.7259061
,vBW_NbNOsWo,0,1,1606407987.7408981
,vBW_NbNOsWo,0,1,1606407987.7628102
,dDkHMkjZgPE,0,1,1606407987.7997084
,WMHYrTmEXBI,0,1,1606407987.823646
,Fqi7Spy1dhQ,0,1,1606407987.928395
,gjnvrUanhWM,0,1,1606407987.945318
,PjEGkXm-4fA,0,1,1606407987.9672563
,6vIiK4qyxDw,0,1,1606407987.978232
,dpZRXA9Eb2s,0,1,1606407988.002163
,Ekvi3AgORgU,0,1,1606407988.013134
,iH-_LaGjcXo,0,1,1606407988.0241053
,uu3NvVpCjw0,0,1,1606407988.0390637
4cfEPAv14hc,0uBtEYR--Hk,1,0,1606407995.0320187
4cfEPAv14hc,TpJP7IWFH7A,0,0,1606407995.050967
4cfEPAv14hc,QuC52IoTczY,0,0,1606407995.068224
4cfEPAv14hc,Il4zpiGLxq0,0,0,1606407995.0861394
4cfEPAv14hc,V_L5T5MzyIE,0,0,1606407995.1029332
4cfEPAv14hc,IrauF74kGv0,0,0,1606407995.1198475
4cfEPAv14hc,-qZQoZn-qkY,0,0,1606407995.136309
4cfEPAv14hc,jlzLEXO90A4,0,0,1606407995.1537404
4cfEPAv14hc,f5FqZqoaYYw,0,0,1606407995.1707125
4cfEPAv14hc,DzJK5hOGTLc,0,0,1606407995.1875463
4cfEPAv14hc,gj93LACo8TU,0,0,1606407995.2045336
4cfEPAv14hc,izHbS7rETVg,0,0,1606407995.221707
4cfEPAv14hc,dPt4TKiu5AE,0,0,1606407995.2381108
4cfEPAv14hc,RwB0kbugEag,0,0,1606407995.2540677
4cfEPAv14hc,72fQ_DGBg8g,0,0,1606407995.2709484
4cfEPAv14hc,r5ZUpCAgLHA,0,0,1606407995.2881415
4cfEPAv14hc,TcYhVHfceSQ,0,0,1606407995.3043065
4cfEPAv14hc,aqoED90G2nU,0,0,1606407995.3201523
4cfEPAv14hc,TK6fzk4zt2w,0,0,1606407995.3368242
4cfEPAv14hc,rv6UTTRSTqs,0,0,1606407995.360767
,ppqD1JNTX80,1,1,1606408230.2225924
,dz3S01ZDUjU,0,1,1606408230.3076718
,HDgSsCGdZKo,0,1,1606408230.3336015
,qMgjmzxiTQ8,0,1,1606408230.3485618
,20zDV9MNE0s,0,1,1606408230.3705
,005h9Dvdqvk,0,1,1606408230.3954701
,3Gyfzy0vL-k,0,1,1606408230.4044096
,UQ962gPsX_U,0,1,1606408230.428348
,vBW_NbNOsWo,0,1,1606408230.447296
,vBW_NbNOsWo,0,1,1606408230.4901814
,dDkHMkjZgPE,0,1,1606408230.5001574
,WMHYrTmEXBI,0,1,1606408230.5120537
,Fqi7Spy1dhQ,0,1,1606408230.5270145
,gjnvrUanhWM,0,1,1606408230.5439703
,PjEGkXm-4fA,0,1,1606408230.5649114
,6vIiK4qyxDw,0,1,1606408230.574893
,dpZRXA9Eb2s,0,1,1606408230.5858562
,Kzu_EGmj_wE,0,1,1606408230.5988204
,iH-_LaGjcXo,0,1,1606408230.6078057
,2lKF-qYWq5k,0,1,1606408230.6857133
ppqD1JNTX80,_E7bXxWRuYo,1,0,1606408237.5914268
ppqD1JNTX80,YpobnGv-0SM,0,0,1606408237.6096277
ppqD1JNTX80,u4DRf0Ac7ew,0,0,1606408237.6285787
ppqD1JNTX80,kzxOxEMxH-A,0,0,1606408237.6453168
ppqD1JNTX80,ug7eeDUv-Wg,0,0,1606408237.6648066
ppqD1JNTX80,eMAVP94JRYE,0,0,1606408237.6857505
ppqD1JNTX80,izHbS7rETVg,0,0,1606408237.7027054
ppqD1JNTX80,jiqT64UgDvI,0,0,1606408237.7196941
ppqD1JNTX80,caFhbFxR0h8,0,0,1606408237.7376125
ppqD1JNTX80,JuOHeErXzLY,0,0,1606408237.7555673
ppqD1JNTX80,7knvcKCF2gA,0,0,1606408237.7765076
ppqD1JNTX80,rLkl82awJPo,0,0,1606408237.7934644
ppqD1JNTX80,qOb5aqarEsg,0,0,1606408237.8094199
ppqD1JNTX80,DzJK5hOGTLc,0,0,1606408237.8273726
ppqD1JNTX80,AUrsfkKZGJw,0,0,1606408237.8443263
ppqD1JNTX80,IS0ULFFQFCY,0,0,1606408237.8612816
ppqD1JNTX80,N3fRJg8hk-8,0,0,1606408237.8782353
ppqD1JNTX80,Ae-qFyJjVl8,0,0,1606408237.8951905
ppqD1JNTX80,SGSYqj0c96k,0,0,1606408237.9121454
ppqD1JNTX80,gj93LACo8TU,0,0,1606408237.9300969
,VUaOz4Y_U4I,1,1,1606408344.52926
,TccIsejYKj8,0,1,1606408344.5601778
,005h9Dvdqvk,0,1,1606408344.643897
,qVcd26iBPLE,0,1,1606408344.6728194
,3Gyfzy0vL-k,0,1,1606408344.6967552
,W5nlAdhZyBE,0,1,1606408344.7206914
,Kzu_EGmj_wE,0,1,1606408344.7306957
,HPCl5R__vk4,0,1,1606408344.7416332
,vBW_NbNOsWo,0,1,1606408344.7715552
,vBW_NbNOsWo,0,1,1606408344.7905056
,dDkHMkjZgPE,0,1,1606408344.801477
,WMHYrTmEXBI,0,1,1606408344.8184323
,Fqi7Spy1dhQ,0,1,1606408344.8405793
,gjnvrUanhWM,0,1,1606408344.8495548
,PjEGkXm-4fA,0,1,1606408344.879474
,6vIiK4qyxDw,0,1,1606408344.899422
,dpZRXA9Eb2s,0,1,1606408344.9772153
,WHhB4qsrmck,0,1,1606408345.0061376
,OlBvSsbhzAA,0,1,1606408345.0270805
,UQ962gPsX_U,0,1,1606408345.040044
,OlBvSsbhzAA,1,1,1606408425.98696
,ulxyhyv4ez0,0,1,1606408426.0029497
,3aBVh2pKdpI,0,1,1606408426.0188744
,WHhB4qsrmck,0,1,1606408426.0368266
,UQ962gPsX_U,0,1,1606408426.0652392
,Kzu_EGmj_wE,0,1,1606408426.1628654
,UsejwANQZZs,0,1,1606408426.180818
,uu3NvVpCjw0,0,1,1606408426.195778
,vBW_NbNOsWo,0,1,1606408426.2396612
,vBW_NbNOsWo,0,1,1606408426.2655911
,dDkHMkjZgPE,0,1,1606408426.2805517
,WMHYrTmEXBI,0,1,1606408426.2965097
,Fqi7Spy1dhQ,0,1,1606408426.3064837
,gjnvrUanhWM,0,1,1606408426.3154578
,PjEGkXm-4fA,0,1,1606408426.3264296
,6vIiK4qyxDw,0,1,1606408426.3433826
,dpZRXA9Eb2s,0,1,1606408426.3583734
,Dpv6lUKNL9o,0,1,1606408426.380106
,3Gyfzy0vL-k,0,1,1606408426.4070375
,3L_lWTJOs0g&t=49s,0,1,1606408426.4190063
,Kzu_EGmj_wE,1,1,1606408728.1256752
,FBfWIxE39_I,0,1,1606408728.1376686
,Dpv6lUKNL9o,0,1,1606408728.2277417
,UQ962gPsX_U,0,1,1606408728.2556674
,ulxyhyv4ez0,0,1,1606408728.2835927
,3Gyfzy0vL-k,0,1,1606408728.3005476
,hDSboAb-gmU,0,1,1606408728.335454
,wrvXpYr3XGo,0,1,1606408728.3464267
,vBW_NbNOsWo,0,1,1606408728.361385
,vBW_NbNOsWo,0,1,1606408728.3763447
,dDkHMkjZgPE,0,1,1606408728.3903067
,WMHYrTmEXBI,0,1,1606408728.40427
,Fqi7Spy1dhQ,0,1,1606408728.4351873
,gjnvrUanhWM,0,1,1606408728.4481585
,PjEGkXm-4fA,0,1,1606408728.4581254
,6vIiK4qyxDw,0,1,1606408728.467102
,dpZRXA9Eb2s,0,1,1606408728.4764397
,3L_lWTJOs0g&t=49s,0,1,1606408728.4906142
,Up5gC5ZdSHA,0,1,1606408728.5015495
,I5a5QubH5OY,0,1,1606408728.576412
,3Gyfzy0vL-k,1,1,1606411055.1730046
,_aieN7DD1tc,0,1,1606411055.2587764
,bPAdYOuaBYo,0,1,1606411055.2677515
,Dpv6lUKNL9o,0,1,1606411055.2797196
,iEqSfK_z0t0,0,1,1606411055.2916887
,bX6nFZvEzZY,0,1,1606411055.3096397
,hDSboAb-gmU,0,1,1606411055.319648
,3L_lWTJOs0g&t=49s,0,1,1606411055.33158
,1kH7d20FEwk,0,1,1606411055.3415701
,1kH7d20FEwk,0,1,1606411055.3515282
,PprgreZe8ao,0,1,1606411055.3615005
,cfIw1CWbJnQ,0,1,1606411055.3704884
,Wg8M-cVgHkU,0,1,1606411055.3804495
,qccFeQMUFA8,0,1,1606411055.3904238
,oL3vtScML14,0,1,1606411055.3993998
,c2Qq_0IaRfc,0,1,1606411055.408429
,vBW_NbNOsWo,0,1,1606411055.4173849
,bWzQOJyVN9s,0,1,1606411055.426327
,IBlsoM20qCI,0,1,1606411055.4353366
,mSoLYc2LQCU,0,1,1606411055.44531
,3L_lWTJOs0g&t=49s,1,1,1606411281.2128487
,3nyqoDXzagY,0,1,1606411281.2237873
,bPAdYOuaBYo,0,1,1606411281.238741
,gYpnL7ya80M&t=66s,0,1,1606411281.3155367
,YXEbsVDyBes,0,1,1606411281.3614168
,wrXh8_Lp178,0,1,1606411281.4481819
,qMgjmzxiTQ8,0,1,1606411281.4601498
,746HTjhFifA,0,1,1606411281.4781015
,1kH7d20FEwk,0,1,1606411281.4970512
,1kH7d20FEwk,0,1,1606411281.5159996
,PprgreZe8ao,0,1,1606411281.5439596
,cfIw1CWbJnQ,0,1,1606411281.6423247
,Wg8M-cVgHkU,0,1,1606411281.6612744
,qccFeQMUFA8,0,1,1606411281.678231
,oL3vtScML14,0,1,1606411281.6892004
,c2Qq_0IaRfc,0,1,1606411281.7041588
,vBW_NbNOsWo,0,1,1606411281.7241085
,bWzQOJyVN9s,0,1,1606411281.7470446
,IBlsoM20qCI,0,1,1606411281.7590175
,mSoLYc2LQCU,0,1,1606411281.7809546
